{
 "IR-1": {
  "distance": 9.914257410416576,
  "volume": 0.00040947016971994073
 },
 "IR-2": {
  "distance": 9.914257410416576,
  "volume": 0.00037674670103645557
 },
 "IR-3": {
  "distance": 12.843890785116479,
  "volume": 0.0003104261915533801
 },
 "IR-4": {
  "distance": 12.843890785116479,
  "volume": 0.0003102683073075781
 },
 "IR-5": {
  "distance": 8.616843969807043,
  "volume": 0.000527736974290123
 },
 "IR-6": {
  "distance": 8.616843969807043,
  "volume": 0.00046879425158116847
 },
 "IR-7": {
  "distance": 13.66528448295168,
  "volume": 0.00029103454224877373
 },
 "IR-8": {
  "distance": 13.66528448295168,
  "volume": 0.00030787906663048574
 },
 "IR-9": {
  "distance": 8.845903006477066,
  "volume": 0.0005119115932365531
 },
 "IR-10": {
  "distance": 8.845903006477066,
  "volume": 0.0004773438205680658
 },
 "IR-11": {
  "distance": 14.194717327231283,
  "volume": 0.00035632324618422976
 },
 "IR-12": {
  "distance": 14.194717327231283,
  "volume": 0.000340372351833294
 },
 "IR-13": {
  "distance": 9.62548700066651,
  "volume": 0.00044025363546865864
 },
 "IR-14": {
  "distance": 9.62548700066651,
  "volume": 0.00044133301654566016
 },
 "IR-15": {
  "distance": 14.693195704134618,
  "volume": 0.0003276967673606888
 },
 "IR-16": {
  "distance": 14.693195704134618,
  "volume": 0.00033579149198779626
 }
}
