{
 "IR-1": {
  "distance": 9.914257410416576,
  "volume": 0.0007156542315841274
 },
 "IR-2": {
  "distance": 9.914257410416576,
  "volume": 0.0007156542315841274
 },
 "IR-3": {
  "distance": 12.843890785116479,
  "volume": 0.0005295182159422222
 },
 "IR-4": {
  "distance": 12.843890785116479,
  "volume": 0.0005295182159422222
 },
 "IR-5": {
  "distance": 8.616843969807043,
  "volume": 0.0008428611475876658
 },
 "IR-6": {
  "distance": 8.616843969807043,
  "volume": 0.0008428611475876658
 },
 "IR-7": {
  "distance": 13.66528448295168,
  "volume": 0.0005004846129792943
 },
 "IR-8": {
  "distance": 13.66528448295168,
  "volume": 0.0005004846129792943
 },
 "IR-9": {
  "distance": 8.845903006477066,
  "volume": 0.0008156202983306867
 },
 "IR-10": {
  "distance": 8.845903006477066,
  "volume": 0.0008156202983306867
 },
 "IR-11": {
  "distance": 14.194717327231283,
  "volume": 0.0004832379598355748
 },
 "IR-12": {
  "distance": 14.194717327231283,
  "volume": 0.0004832379598355748
 },
 "IR-13": {
  "distance": 9.62548700066651,
  "volume": 0.0007416084322845895
 },
 "IR-14": {
  "distance": 9.62548700066651,
  "volume": 0.0007416084322845895
 },
 "IR-15": {
  "distance": 14.693195704134618,
  "volume": 0.00046382571691622887
 },
 "IR-16": {
  "distance": 14.693195704134618,
  "volume": 0.00046382571691622887
 }
}
