{
 "IR-1": {
  "distance": 9.914257410416576,
  "volume": 0.0003055169886027778
 },
 "IR-2": {
  "distance": 9.914257410416576,
  "volume": 0.0003009839370470763
 },
 "IR-3": {
  "distance": 12.843890785116479,
  "volume": 0.0002655250146144673
 },
 "IR-4": {
  "distance": 12.843890785116479,
  "volume": 0.0002833608918341418
 },
 "IR-5": {
  "distance": 8.616843969807043,
  "volume": 0.0003636127744463987
 },
 "IR-6": {
  "distance": 8.616843969807043,
  "volume": 0.0003599068733770625
 },
 "IR-7": {
  "distance": 13.66528448295168,
  "volume": 0.0002667106820393595
 },
 "IR-8": {
  "distance": 13.66528448295168,
  "volume": 0.00028980202809376633
 },
 "IR-9": {
  "distance": 8.845903006477066,
  "volume": 0.0003573828004874976
 },
 "IR-10": {
  "distance": 8.845903006477066,
  "volume": 0.00036854934804252565
 },
 "IR-11": {
  "distance": 14.194717327231283,
  "volume": 0.00030595225675489595
 },
 "IR-12": {
  "distance": 14.194717327231283,
  "volume": 0.000297398709740738
 },
 "IR-13": {
  "distance": 9.62548700066651,
  "volume": 0.0003451255479788728
 },
 "IR-14": {
  "distance": 9.62548700066651,
  "volume": 0.00030531756692724516
 },
 "IR-15": {
  "distance": 14.693195704134618,
  "volume": 0.0002861353986119987
 },
 "IR-16": {
  "distance": 14.693195704134618,
  "volume": 0.00029341474152994024
 }
}
