{
 "IR-1": {
  "distance": 9.914257410416576,
  "volume": 0.0005724949575316617
 },
 "IR-2": {
  "distance": 9.914257410416576,
  "volume": 0.0004880227306902723
 },
 "IR-3": {
  "distance": 12.843890785116479,
  "volume": 0.0003894527612330214
 },
 "IR-4": {
  "distance": 12.843890785116479,
  "volume": 0.00043150155704334086
 },
 "IR-5": {
  "distance": 8.616843969807043,
  "volume": 0.0006491310747396194
 },
 "IR-6": {
  "distance": 8.616843969807043,
  "volume": 0.0005920599194209738
 },
 "IR-7": {
  "distance": 13.66528448295168,
  "volume": 0.0004125598203970474
 },
 "IR-8": {
  "distance": 13.66528448295168,
  "volume": 0.00036858023022356864
 },
 "IR-9": {
  "distance": 8.845903006477066,
  "volume": 0.0006064390112777652
 },
 "IR-10": {
  "distance": 8.845903006477066,
  "volume": 0.0005766075019031938
 },
 "IR-11": {
  "distance": 14.194717327231283,
  "volume": 0.0003686783148935618
 },
 "IR-12": {
  "distance": 14.194717327231283,
  "volume": 0.00036864998766336
 },
 "IR-13": {
  "distance": 9.62548700066651,
  "volume": 0.0005536259510228364
 },
 "IR-14": {
  "distance": 9.62548700066651,
  "volume": 0.0006050557816400295
 },
 "IR-15": {
  "distance": 14.693195704134618,
  "volume": 0.00034560359901564984
 },
 "IR-16": {
  "distance": 14.693195704134618,
  "volume": 0.000358652905073859
 }
}
