{
 "IR-1": {
  "distance": 9.914257410416576,
  "volume": 0.0003840233466706024
 },
 "IR-2": {
  "distance": 9.914257410416576,
  "volume": 0.00039005056182547744
 },
 "IR-3": {
  "distance": 12.843890785116479,
  "volume": 0.0003085056106499962
 },
 "IR-4": {
  "distance": 12.843890785116479,
  "volume": 0.0002951058452050924
 },
 "IR-5": {
  "distance": 8.616843969807043,
  "volume": 0.0004809616490036839
 },
 "IR-6": {
  "distance": 8.616843969807043,
  "volume": 0.00046561232300353235
 },
 "IR-7": {
  "distance": 13.66528448295168,
  "volume": 0.00027879665317503364
 },
 "IR-8": {
  "distance": 13.66528448295168,
  "volume": 0.000286815328843455
 },
 "IR-9": {
  "distance": 8.845903006477066,
  "volume": 0.0004972715881707696
 },
 "IR-10": {
  "distance": 8.845903006477066,
  "volume": 0.00044698076513585987
 },
 "IR-11": {
  "distance": 14.194717327231283,
  "volume": 0.00030515649675255153
 },
 "IR-12": {
  "distance": 14.194717327231283,
  "volume": 0.00035059845016503
 },
 "IR-13": {
  "distance": 9.62548700066651,
  "volume": 0.00044196862019243207
 },
 "IR-14": {
  "distance": 9.62548700066651,
  "volume": 0.00041376215483629713
 },
 "IR-15": {
  "distance": 14.693195704134618,
  "volume": 0.00030374334257481794
 },
 "IR-16": {
  "distance": 14.693195704134618,
  "volume": 0.00036047426131712295
 }
}
