solid 
facet normal -5.6261044e-08 -4.1804975e-07 1
 outer loop
  vertex -6.8750725 4.7683716e-07 -0.00579834
  vertex -0.833007 6.289028e-08 -0.005798
  vertex -3.016219 0.29381624 -0.005798
 endloop
endfacet
facet normal -0.0033461126 0.025554275 0.9996678
 outer loop
  vertex -6.8750725 -4.3653717 0.095975876
  vertex -8.495783 6.4141375e-07 -0.02104
  vertex -6.8750725 -5.1856813 0.11694527
 endloop
endfacet
facet normal 1.7638364e-06 1 4.3365944e-06
 outer loop
  vertex -8.495783 -12.683223 10.037557
  vertex -6.3343906 -12.683222 8.938534
  vertex -6.8750725 -12.683221 8.938534
 endloop
endfacet
facet normal 1 6.037481e-06 0
 outer loop
  vertex -1.0631222 11.158188 1.462074
  vertex -1.0631222 11.158188 2.576836
  vertex -1.0631212 11.000229 1.462074
 endloop
endfacet
facet normal -1.486314e-07 -1 0
 outer loop
  vertex -1.0631212 11.000229 1.462074
  vertex -7.479493 11.00023 2.576836
  vertex -7.479493 11.00023 1.4610281
 endloop
endfacet
facet normal -1 -0 0
 outer loop
  vertex 8.495783 0.91655034 1.465479
  vertex 8.495783 11.000229 5.874201
  vertex 8.495783 11.000225 2.578928
 endloop
endfacet
facet normal -0 0 1
 outer loop
  vertex 6.869768 5.1865305e-07 -0.005798
  vertex 3.016219 0.2938162 -0.005798
  vertex 0.833007 6.289028e-08 -0.005798
 endloop
endfacet
facet normal -0 1 8.677475e-07
 outer loop
  vertex 8.495783 -12.683223 10.037557
  vertex 6.875073 -12.683222 8.938534
  vertex 6.334392 -12.683222 8.938534
 endloop
endfacet
facet normal -1 6.037481e-06 0
 outer loop
  vertex 1.0631222 11.158188 1.462074
  vertex 1.0631212 11.000229 1.462074
  vertex 1.0631222 11.158188 2.576836
 endloop
endfacet
facet normal 1.4849209e-07 -1 -8.5469406e-07
 outer loop
  vertex 1.0631212 11.000229 1.462074
  vertex 7.479492 11.00023 1.4610281
  vertex 7.4794936 11.000229 2.576836
 endloop
endfacet
facet normal 1 -0 -0
 outer loop
  vertex -8.495783 -11.8001175 0.284704
  vertex -8.495783 -12.683223 10.037557
  vertex -8.495783 -12.683221 -0.02104
 endloop
endfacet
facet normal 0.0034866277 0.025510143 0.9996685
 outer loop
  vertex 6.8750725 -2.5135114 0.048754
  vertex 8.495783 6.4141375e-07 -0.02104
  vertex 6.8750725 -1.6300384 0.026209
 endloop
endfacet
facet normal 0 -1 -1.1920138e-06
 outer loop
  vertex -7.479496 11.00023 5.874201
  vertex -8.495783 11.000226 9.074413
  vertex -8.495783 11.00023 5.874201
 endloop
endfacet
facet normal -0 -1 -1.1920138e-06
 outer loop
  vertex -1.0631212 11.000229 5.874201
  vertex 1.0631212 11.000229 5.874201
  vertex 8.495783 11.000225 9.074413
 endloop
endfacet
facet normal -0.001742683 0.025510872 0.999673
 outer loop
  vertex -6.3343906 -1.6300385 0.026209004
  vertex -0.833007 6.289028e-08 -0.005798
  vertex -6.3343906 -0.7042656 0.002584003
 endloop
endfacet
facet normal 0.0017426183 0.025510538 0.99967307
 outer loop
  vertex 6.33439 -4.3639827 0.095976
  vertex 6.3343906 -2.5135095 0.048754
  vertex 0.833007 6.289028e-08 -0.005798
 endloop
endfacet
facet normal 1 0 -0
 outer loop
  vertex -6.3343906 -12.683222 8.938534
  vertex -6.3343906 -12.683222 -0.02104
  vertex -6.3343906 -11.8001175 0.284704
 endloop
endfacet
facet normal -1 0 0
 outer loop
  vertex -6.8750725 -11.8001175 0.2847042
  vertex -6.8750725 -12.683221 -0.021039963
  vertex -6.8750725 -12.683221 8.938534
 endloop
endfacet
facet normal -1 -1.0799125e-06 0
 outer loop
  vertex 6.334392 -12.683222 8.938534
  vertex 6.334391 -11.800118 0.284704
  vertex 6.334392 -12.683222 -0.02104
 endloop
endfacet
facet normal 1 -0 0
 outer loop
  vertex 6.875073 -11.800118 0.284704
  vertex 6.875073 -12.683222 8.938534
  vertex 6.875073 -12.683222 -0.02104
 endloop
endfacet
facet normal -0.0034866438 0.025510047 0.9996685
 outer loop
  vertex -6.8750725 -2.5135095 0.04875374
  vertex -6.8750725 -1.6300385 0.026208878
  vertex -8.495783 6.4141375e-07 -0.02104
 endloop
endfacet
facet normal -1 0 0
 outer loop
  vertex 8.495783 -11.800118 0.284704
  vertex 8.495783 -12.683221 -0.02104
  vertex 8.495783 -12.683223 10.037557
 endloop
endfacet
facet normal -0 0 -1
 outer loop
  vertex 7.479495 11.159298 5.874201
  vertex 8.495783 14.342667 5.874201
  vertex 8.495783 11.000229 5.874201
 endloop
endfacet
facet normal -1 -0 -0
 outer loop
  vertex 8.495783 11.000225 9.074413
  vertex 8.495783 -12.683223 10.037557
  vertex 8.495783 14.342667 10.037557
 endloop
endfacet
facet normal -1.4863133e-07 -1 -1.2392144e-06
 outer loop
  vertex -8.495783 11.000226 9.074413
  vertex -7.479496 11.00023 5.874201
  vertex -1.0631212 11.000229 5.874201
 endloop
endfacet
facet normal -1 0 0
 outer loop
  vertex 8.495783 0.91655034 1.465479
  vertex 8.495783 0.9189841 -0.005798
  vertex 8.495783 6.4141375e-07 -0.02104
 endloop
endfacet
facet normal -0.0013308256 0.025491362 0.99967414
 outer loop
  vertex 0.833007 6.289028e-08 -0.005798
  vertex -6.3343906 -2.5135095 0.048754
  vertex -6.3343906 -4.3653717 0.095975876
 endloop
endfacet
facet normal 1 -0 -0
 outer loop
  vertex -8.495783 0.91655034 1.465479
  vertex -8.495783 -12.683223 10.037557
  vertex -8.495783 -11.8001175 0.284704
 endloop
endfacet
facet normal 1 8.993021e-06 -8.706971e-07
 outer loop
  vertex 7.479492 11.158188 2.576836
  vertex 7.479495 11.159298 5.874201
  vertex 7.4794965 11.000229 5.874201
 endloop
endfacet
facet normal 0 -0 1
 outer loop
  vertex 1.0631212 11.000229 1.462074
  vertex 0.833002 6.28899e-08 1.462074
  vertex 3.016213 0.2930392 1.462074
 endloop
endfacet
facet normal -0 -1 -1.1920138e-06
 outer loop
  vertex 8.495783 11.000225 9.074413
  vertex 1.0631212 11.000229 5.874201
  vertex 7.4794965 11.000229 5.874201
 endloop
endfacet
facet normal 2.2047955e-07 -1 -5.5656616e-05
 outer loop
  vertex 6.3343906 -1.6300385 0.026209
  vertex 6.8750725 -1.6300384 0.026209
  vertex 6.8750725 -1.6305344 8.938534
 endloop
endfacet
facet normal -1 0 -0
 outer loop
  vertex 8.495783 14.342667 2.578928
  vertex 8.495783 11.000225 2.578928
  vertex 8.495783 11.000229 5.874201
 endloop
endfacet
facet normal -5.6245124e-09 0.025510358 0.99967456
 outer loop
  vertex 6.8750725 -1.6300384 0.026209
  vertex 6.3343906 -1.6300385 0.026209
  vertex 6.3343906 -2.5135095 0.048754
 endloop
endfacet
facet normal -2.1720604e-08 -0.32716253 0.94496816
 outer loop
  vertex -8.495783 -11.8001175 0.284704
  vertex -8.495783 -12.683221 -0.02104
  vertex -6.8750725 -12.683221 -0.021039963
 endloop
endfacet
facet normal -5.6126336e-08 -1 -0
 outer loop
  vertex 8.495783 14.342667 2.578928
  vertex 8.495783 14.342667 5.874201
  vertex -8.495783 14.342668 5.874201
 endloop
endfacet
facet normal -0 1 0
 outer loop
  vertex -6.3343906 -2.5135095 0.048754
  vertex -6.8750725 -2.5135095 0.04875374
  vertex -6.8750725 -2.5135095 8.938534
 endloop
endfacet
facet normal 1 0 0
 outer loop
  vertex -6.3343906 -8.093652 0.19113302
  vertex -6.3343906 -5.1856813 0.116945
  vertex -6.3343906 -5.1856813 8.938534
 endloop
endfacet
facet normal -3.291188e-06 -0.9999986 -0.0016541912
 outer loop
  vertex -6.8750725 0.91655064 1.4620743
  vertex -8.495783 0.91655034 1.465479
  vertex -8.495783 0.9189841 -0.005798
 endloop
endfacet
facet normal 0 -1 -2.5655346e-13
 outer loop
  vertex 0.833007 6.289028e-08 -0.005798
  vertex 0.833002 6.28899e-08 1.462074
  vertex -0.833002 6.28899e-08 1.462074
 endloop
endfacet
facet normal 1 1.5081534e-08 8.3811943e-07
 outer loop
  vertex -4.994501 0.9811292 7.961689
  vertex -4.994501 0.54355025 7.969563
  vertex -4.9944944 0.54355025 0.004444599
 endloop
endfacet
facet normal 0 -0 1
 outer loop
  vertex 5.185298 0.91898334 -0.005798
  vertex 3.016219 0.2938162 -0.005798
  vertex 6.869768 5.1865305e-07 -0.005798
 endloop
endfacet
facet normal 3.5276505e-06 0.99999547 -0.0029989872
 outer loop
  vertex 6.8750653 1.4208112 0.00050735474
  vertex 6.3343825 1.4208131 0.00050735474
  vertex 6.334389 1.4447005 7.965626
 endloop
endfacet
facet normal -1 0 0
 outer loop
  vertex -6.8750725 1.4446983 0.00050735474
  vertex -6.8750725 -0.15277576 0.00050735474
  vertex -6.8750725 -0.15277576 7.965626
 endloop
endfacet
facet normal -1 6.0374805e-06 -8.6766954e-07
 outer loop
  vertex -7.479492 11.158189 2.576836
  vertex -7.479493 11.00023 2.576836
  vertex -7.479496 11.00023 5.874201
 endloop
endfacet
facet normal -1 -1.3938877e-06 8.4229964e-07
 outer loop
  vertex 6.3343835 0.5314091 0.00050735474
  vertex 6.3343844 -0.15277392 0.00050735474
  vertex 6.334391 -0.12888652 7.965626
 endloop
endfacet
facet normal 8.405187e-07 0.011902039 0.9999291
 outer loop
  vertex -6.8750725 4.7683716e-07 -0.00579834
  vertex -6.8750725 -0.7042656 0.0025844574
  vertex -6.3343906 -0.7042656 0.002584003
 endloop
endfacet
facet normal -0.00016301147 6.6638466e-05 1
 outer loop
  vertex -5.185291 0.9165504 1.462074
  vertex -1.0631212 11.000229 1.462074
  vertex -7.479493 11.00023 1.4610281
 endloop
endfacet
facet normal 0.0034860007 0.025510764 0.9996685
 outer loop
  vertex 6.875072 -0.70426553 0.002584
  vertex 6.8750725 -1.6300384 0.026209
  vertex 8.495783 6.4141375e-07 -0.02104
 endloop
endfacet
facet normal 0 -0.32716218 0.9449682
 outer loop
  vertex -6.3343906 -11.8001175 0.284704
  vertex -6.3343906 -12.683222 -0.02104
  vertex 6.334392 -12.683222 -0.02104
 endloop
endfacet
facet normal -1 -0 -0
 outer loop
  vertex -6.8750725 -8.093652 0.19113255
  vertex -6.8750725 -8.093652 8.938534
  vertex -6.8750725 -5.1856813 8.938534
 endloop
endfacet
facet normal 0 0 1
 outer loop
  vertex -1.0631222 11.158188 1.462074
  vertex -1.0631212 11.000229 1.462074
  vertex 1.0631212 11.000229 1.462074
 endloop
endfacet
facet normal -7.317615e-12 0.000103726255 1
 outer loop
  vertex 5.185291 0.91655034 1.462074
  vertex 6.875067 0.91655046 1.462074
  vertex 7.479492 11.00023 1.4610281
 endloop
endfacet
facet normal 1 0 0
 outer loop
  vertex -8.495783 0.91655034 1.465479
  vertex -8.495783 11.00023 5.874201
  vertex -8.495783 11.000226 9.074413
 endloop
endfacet
facet normal -0.0020583512 -1.8640884e-08 0.99999785
 outer loop
  vertex 7.479492 11.158188 2.576836
  vertex 7.4794936 11.000229 2.576836
  vertex 8.495783 11.000225 2.578928
 endloop
endfacet
facet normal 0 1 0
 outer loop
  vertex -6.3343906 1.4446983 7.965626
  vertex -6.3343906 1.4446983 0.00050735474
  vertex -6.8750725 1.4446983 0.00050735474
 endloop
endfacet
facet normal 0.276267 -0.9610808 -0.00050761853
 outer loop
  vertex 5.185291 0.91655034 1.462074
  vertex 3.016213 0.2930392 1.462074
  vertex 3.016219 0.2938162 -0.005798
 endloop
endfacet
facet normal 1 0 -8.381194e-07
 outer loop
  vertex 6.875072 -0.12888847 7.965626
  vertex 6.8750653 -0.15277587 0.00050735474
  vertex 6.8750653 1.4208112 0.00050735474
 endloop
endfacet
facet normal -0.00060867507 0.025503399 0.9996745
 outer loop
  vertex -8.495783 -11.8001175 0.284704
  vertex -6.8750725 -8.093652 0.19113255
  vertex -6.8750725 -5.1856813 0.11694527
 endloop
endfacet
facet normal -1 -0 -0
 outer loop
  vertex -6.8750725 -4.3653717 0.095975876
  vertex -6.8750725 -4.3653717 8.938534
  vertex -6.8750725 -2.5135095 8.938534
 endloop
endfacet
facet normal -1.7638365e-06 -1 -0.0002977438
 outer loop
  vertex 6.334391 -8.092927 0.191133
  vertex 6.875073 -8.092928 0.191133
  vertex 6.875073 -8.095532 8.938534
 endloop
endfacet
facet normal 0.0020583502 -1.242725e-08 0.99999785
 outer loop
  vertex -8.495783 11.000226 2.578928
  vertex -7.479493 11.00023 2.576836
  vertex -7.479492 11.158189 2.576836
 endloop
endfacet
facet normal 0.0017425184 0.025510319 0.999673
 outer loop
  vertex 0.833007 6.289028e-08 -0.005798
  vertex 6.3343906 -2.5135095 0.048754
  vertex 6.3343906 -1.6300385 0.026209
 endloop
endfacet
facet normal -0 0.02169841 0.99976456
 outer loop
  vertex -6.3343906 -2.5135095 0.048754
  vertex 0.833007 6.289028e-08 -0.005798
  vertex -0.833007 6.289028e-08 -0.005798
 endloop
endfacet
facet normal 4.5984387e-07 1 1.8962373e-07
 outer loop
  vertex 6.875073 -12.683222 8.938534
  vertex 8.495783 -12.683223 10.037557
  vertex 8.495783 -12.683221 -0.02104
 endloop
endfacet
facet normal 0.13337733 -0.9910652 -0.00052407075
 outer loop
  vertex 0.833007 6.289028e-08 -0.005798
  vertex 3.016219 0.2938162 -0.005798
  vertex 3.016213 0.2930392 1.462074
 endloop
endfacet
facet normal 4.4999542e-08 0.025512312 0.9996745
 outer loop
  vertex 6.875073 -8.092928 0.191133
  vertex 6.334391 -8.092927 0.191133
  vertex 6.334391 -8.792949 0.208998
 endloop
endfacet
facet normal -0.009403225 0.011901514 0.9998849
 outer loop
  vertex -6.8750725 -0.7042656 0.0025844574
  vertex -6.8750725 4.7683716e-07 -0.00579834
  vertex -8.495783 6.4141375e-07 -0.02104
 endloop
endfacet
facet normal 0 -1 0
 outer loop
  vertex 1.0631222 11.158188 1.462074
  vertex 1.0631222 11.158188 2.576836
  vertex -1.0631222 11.158188 2.576836
 endloop
endfacet
facet normal 0 -1 0
 outer loop
  vertex -6.3343906 -8.093652 0.19113302
  vertex -6.3343906 -8.093652 8.938534
  vertex -6.8750725 -8.093652 8.938534
 endloop
endfacet
facet normal 0 1 0
 outer loop
  vertex -6.3343906 -0.7042656 0.002584003
  vertex -6.8750725 -0.7042656 0.0025844574
  vertex -6.8750725 -0.7042656 8.938534
 endloop
endfacet
facet normal -1 0 0
 outer loop
  vertex 8.495783 11.000225 9.074413
  vertex 8.495783 11.000229 5.874201
  vertex 8.495783 0.91655034 1.465479
 endloop
endfacet
facet normal 0.0020583493 0.00023394522 0.99999785
 outer loop
  vertex -7.479493 11.00023 1.4610281
  vertex -8.495783 11.000226 1.46312
  vertex -8.495783 0.91655034 1.465479
 endloop
endfacet
facet normal 0 -0.0006569 0.9999998
 outer loop
  vertex 1.0631222 11.158188 2.576836
  vertex 7.479492 11.158188 2.576836
  vertex 8.495783 14.342667 2.578928
 endloop
endfacet
facet normal -0.00028594222 -0.99999547 0.0029989874
 outer loop
  vertex 4.9944944 0.531804 0.004444599
  vertex 6.3343835 0.5314091 0.00050735474
  vertex 6.33439 0.5552965 7.965626
 endloop
endfacet
facet normal -1 0 0
 outer loop
  vertex -6.8750725 -8.793745 8.938534
  vertex -6.8750725 -8.793745 0.20899391
  vertex -6.8750725 -11.8001175 0.2847042
 endloop
endfacet
facet normal -1.5654657e-06 0.025167195 0.99968326
 outer loop
  vertex 6.334391 -11.800118 0.284704
  vertex 6.334391 -8.792949 0.208998
  vertex -6.3343906 -8.793745 0.2089982
 endloop
endfacet
facet normal -1 -0 -0
 outer loop
  vertex -6.8750725 -1.6300385 0.026208878
  vertex -6.8750725 -1.6300385 8.938534
  vertex -6.8750725 -0.7042656 8.938534
 endloop
endfacet
facet normal 1.4863136e-07 0.9999999 -0.00033665574
 outer loop
  vertex -7.479492 11.158189 2.576836
  vertex -7.479495 11.159299 5.874201
  vertex -1.0631222 11.159298 5.874201
 endloop
endfacet
facet normal 0 -1 0
 outer loop
  vertex -4.9944944 0.54355025 0.004444599
  vertex -4.994501 0.54355025 7.969563
  vertex -6.3343906 0.54355025 7.965626
 endloop
endfacet
facet normal 0 -0 1
 outer loop
  vertex -8.495783 14.342664 9.074413
  vertex -8.495783 11.000226 9.074413
  vertex 8.495783 11.000225 9.074413
 endloop
endfacet
facet normal -1 -2.1109543e-06 8.444501e-07
 outer loop
  vertex 6.3343825 1.4208131 0.00050735474
  vertex 6.3343835 0.9690391 0.00050735474
  vertex 6.33439 0.9929265 7.965626
 endloop
endfacet
facet normal 1 0 0
 outer loop
  vertex -6.3343906 -4.3653717 0.095975876
  vertex -6.3343906 -2.5135095 0.048754
  vertex -6.3343906 -2.5135095 8.938534
 endloop
endfacet
facet normal 0 0.025168521 0.9996832
 outer loop
  vertex 6.875073 -8.792949 0.208994
  vertex 6.875073 -11.800118 0.284704
  vertex 8.495783 -11.800118 0.284704
 endloop
endfacet
facet normal -1.4863133e-07 -1 -1.2896288e-13
 outer loop
  vertex -1.0631212 11.000229 5.874201
  vertex -7.479496 11.00023 5.874201
  vertex -7.479493 11.00023 2.576836
 endloop
endfacet
facet normal 0 1 0.00032457238
 outer loop
  vertex 6.334391 -8.792949 0.208998
  vertex 6.334392 -8.795782 8.938534
  vertex 6.875073 -8.795782 8.938534
 endloop
endfacet
facet normal -2.011705e-07 0 1
 outer loop
  vertex -5.185298 0.9189834 -0.005798
  vertex -6.8750725 0.91898346 -0.00579834
  vertex -6.8750725 4.7683716e-07 -0.00579834
 endloop
endfacet
facet normal -0.27694407 -0.96088475 -0.0015913197
 outer loop
  vertex -5.185291 0.9165504 1.462074
  vertex -5.185298 0.9189834 -0.005798
  vertex -3.016219 0.29381624 -0.005798
 endloop
endfacet
facet normal -0.0006112662 0.025504535 0.9996745
 outer loop
  vertex -6.8750725 -8.793745 0.20899391
  vertex -6.8750725 -8.093652 0.19113255
  vertex -8.495783 -11.8001175 0.284704
 endloop
endfacet
facet normal 0.0022344636 0.025901489 0.99966204
 outer loop
  vertex 8.495783 -11.800118 0.284704
  vertex 8.495783 6.4141375e-07 -0.02104
  vertex 6.8750725 -5.1856837 0.116945
 endloop
endfacet
facet normal 0 0 -1
 outer loop
  vertex -1.0631222 11.159298 5.874201
  vertex -7.479495 11.159299 5.874201
  vertex -8.495783 14.342668 5.874201
 endloop
endfacet
facet normal -0.13303095 -0.9911119 4.5375728e-07
 outer loop
  vertex -0.833007 6.289028e-08 -0.005798
  vertex -0.833002 6.28899e-08 1.462074
  vertex -3.016213 0.29303923 1.462074
 endloop
endfacet
facet normal 2.0974306e-07 0 1
 outer loop
  vertex -6.8750725 4.7683716e-07 -0.00579834
  vertex -6.8750725 0.91898346 -0.00579834
  vertex -8.495783 0.9189841 -0.005798
 endloop
endfacet
facet normal -0 1 0
 outer loop
  vertex -6.3343906 -8.793745 0.2089982
  vertex -6.8750725 -8.793745 0.20899391
  vertex -6.8750725 -8.793745 8.938534
 endloop
endfacet
facet normal -1 6.037481e-06 0
 outer loop
  vertex 1.0631222 11.158188 2.576836
  vertex 1.0631212 11.000229 1.462074
  vertex 1.0631212 11.000229 5.874201
 endloop
endfacet
facet normal 1 -2.5768423e-07 -2.2667873e-11
 outer loop
  vertex 6.875072 -4.3639865 0.095976
  vertex 6.8750725 -2.5135114 0.048754
  vertex 6.8750725 -2.5142934 8.938534
 endloop
endfacet
facet normal 1 0 -0
 outer loop
  vertex -6.3343906 0.9811292 7.965626
  vertex -6.3343906 0.9811292 0.00050735474
  vertex -6.3343906 1.4446983 0.00050735474
 endloop
endfacet
facet normal 0 1 0
 outer loop
  vertex -6.3343906 0.9811292 0.00050735474
  vertex -6.3343906 0.9811292 7.965626
  vertex -4.994501 0.9811292 7.961689
 endloop
endfacet
facet normal 0 0 -1
 outer loop
  vertex 8.495783 14.342667 5.874201
  vertex 7.479495 11.159298 5.874201
  vertex 1.0631222 11.159298 5.874201
 endloop
endfacet
facet normal -8.9849633e-10 0.011900946 0.99992925
 outer loop
  vertex 6.869768 5.1865305e-07 -0.005798
  vertex 0.833007 6.289028e-08 -0.005798
  vertex 6.33439 -0.7042635 0.002584
 endloop
endfacet
facet normal 0 0.9999999 -0.00033665576
 outer loop
  vertex 7.479492 11.158188 2.576836
  vertex 1.0631222 11.158188 2.576836
  vertex 1.0631222 11.159298 5.874201
 endloop
endfacet
facet normal -0 -1 0
 outer loop
  vertex 1.0631212 11.000229 5.874201
  vertex 1.0631212 11.000229 1.462074
  vertex 7.4794936 11.000229 2.576836
 endloop
endfacet
facet normal 1 0 -0
 outer loop
  vertex -6.3343906 -0.15277576 7.965626
  vertex -6.3343906 -0.15277576 0.00050735474
  vertex -6.3343906 0.54355025 0.00050735474
 endloop
endfacet
facet normal 1 0 0
 outer loop
  vertex -6.3343906 -1.6300385 0.026209004
  vertex -6.3343906 -0.7042656 0.002584003
  vertex -6.3343906 -0.7042656 8.938534
 endloop
endfacet
facet normal 3.7535528e-06 -1 0
 outer loop
  vertex -8.495783 11.000226 1.46312
  vertex -7.479493 11.00023 1.4610281
  vertex -7.479493 11.00023 2.576836
 endloop
endfacet
facet normal 0.00022745303 0.99999547 -0.0029989874
 outer loop
  vertex 6.3343835 0.9690391 0.00050735474
  vertex 4.9944944 0.96933204 -0.0034294128
  vertex 4.994501 0.99321944 7.961689
 endloop
endfacet
facet normal -2.8070392e-06 0.025510775 0.9996745
 outer loop
  vertex 6.3343906 -5.1856813 0.116945
  vertex 6.33439 -4.3639827 0.095976
  vertex -6.3343906 -4.3653717 0.095975876
 endloop
endfacet
facet normal 0 -1 0
 outer loop
  vertex -6.3343906 -4.3653717 0.095975876
  vertex -6.3343906 -4.3653717 8.938534
  vertex -6.8750725 -4.3653717 8.938534
 endloop
endfacet
facet normal 0 1 0
 outer loop
  vertex -6.8750725 -5.1856813 0.11694527
  vertex -6.8750725 -5.1856813 8.938534
  vertex -6.3343906 -5.1856813 8.938534
 endloop
endfacet
facet normal 4.4095905e-06 1 0.00018794379
 outer loop
  vertex 6.8750725 -5.1856837 0.116945
  vertex 6.3343906 -5.1856813 0.116945
  vertex 6.3343916 -5.1873393 8.938534
 endloop
endfacet
facet normal 0 1 8.818219e-05
 outer loop
  vertex 6.3343906 -2.5135095 0.048754
  vertex 6.3343906 -2.5142934 8.938534
  vertex 6.8750725 -2.5142934 8.938534
 endloop
endfacet
facet normal 4.045451e-07 -0.99999857 -0.0016575005
 outer loop
  vertex 6.875067 0.91655046 1.462074
  vertex 6.875073 0.91898346 -0.005798
  vertex 8.495783 0.9189841 -0.005798
 endloop
endfacet
facet normal 0 1 0
 outer loop
  vertex -6.8750725 -12.683221 8.938534
  vertex -6.8750725 -12.683221 -0.021039963
  vertex -8.495783 -12.683221 -0.02104
 endloop
endfacet
facet normal -3.4940264e-08 -0.9999986 -0.001657378
 outer loop
  vertex -6.8750725 0.91655064 1.4620743
  vertex -6.8750725 0.91898346 -0.00579834
  vertex -5.185298 0.9189834 -0.005798
 endloop
endfacet
facet normal 7.054728e-08 -0.9999986 -0.0016575006
 outer loop
  vertex 6.875067 0.91655046 1.462074
  vertex 5.185291 0.91655034 1.462074
  vertex 5.185298 0.91898334 -0.005798
 endloop
endfacet
facet normal 1 5.150696e-07 1.1182948e-11
 outer loop
  vertex 6.8750725 -1.6300384 0.026209
  vertex 6.875072 -0.70426553 0.002584
  vertex 6.875072 -0.70445955 8.938534
 endloop
endfacet
facet normal 0 0 -1
 outer loop
  vertex -1.0631222 11.159298 5.874201
  vertex 1.0631222 11.159298 5.874201
  vertex 1.0631212 11.000229 5.874201
 endloop
endfacet
facet normal 1 0 -0
 outer loop
  vertex -6.3343906 -8.793745 8.938534
  vertex -6.3343906 -12.683222 8.938534
  vertex -6.3343906 -11.8001175 0.284704
 endloop
endfacet
facet normal -1.5870123e-06 0.025509985 0.9996746
 outer loop
  vertex -6.3343906 -8.093652 0.19113302
  vertex -6.3343906 -8.793745 0.2089982
  vertex 6.334391 -8.792949 0.208998
 endloop
endfacet
facet normal 4.95917e-07 0.025554102 0.9996735
 outer loop
  vertex -6.8750725 -5.1856813 0.11694527
  vertex -6.3343906 -5.1856813 0.116945
  vertex -6.3343906 -4.3653717 0.095975876
 endloop
endfacet
facet normal 1 1.6401768e-07 3.0861567e-11
 outer loop
  vertex 6.875073 -8.092928 0.191133
  vertex 6.8750725 -5.1856837 0.116945
  vertex 6.8750725 -5.1873436 8.938534
 endloop
endfacet
facet normal 1 -0 0
 outer loop
  vertex -8.495783 11.000226 2.578928
  vertex -8.495783 11.00023 5.874201
  vertex -8.495783 0.91655034 1.465479
 endloop
endfacet
facet normal -0 -1 -0
 outer loop
  vertex -6.8750725 -0.15277576 0.00050735474
  vertex -6.3343906 -0.15277576 0.00050735474
  vertex -6.3343906 -0.15277576 7.965626
 endloop
endfacet
facet normal -0 1 8.677475e-07
 outer loop
  vertex 8.495783 -12.683223 10.037557
  vertex 6.334392 -12.683222 8.938534
  vertex -6.3343906 -12.683222 8.938534
 endloop
endfacet
facet normal 3.7481457e-06 1 2.1711528e-05
 outer loop
  vertex 6.33439 -0.7042635 0.002584
  vertex 6.334389 -0.7044575 8.938534
  vertex 6.875072 -0.70445955 8.938534
 endloop
endfacet
facet normal 1.1249229e-07 0.025510821 0.99967456
 outer loop
  vertex 6.3343906 -5.1856813 0.116945
  vertex 6.8750725 -5.1856837 0.116945
  vertex 6.875072 -4.3639865 0.095976
 endloop
endfacet
facet normal 0 -0 1
 outer loop
  vertex -1.0631212 11.000229 1.462074
  vertex -5.185291 0.9165504 1.462074
  vertex -3.016213 0.29303923 1.462074
 endloop
endfacet
facet normal 0.00348549 0.025510669 0.9996685
 outer loop
  vertex 6.875072 -4.3639865 0.095976
  vertex 6.8750725 -5.1856837 0.116945
  vertex 8.495783 6.4141375e-07 -0.02104
 endloop
endfacet
facet normal -0 0.02551001 0.99967456
 outer loop
  vertex 6.334391 -8.092927 0.191133
  vertex 6.3343906 -5.1856813 0.116945
  vertex -6.3343906 -5.1856813 0.116945
 endloop
endfacet
facet normal 0 0 1
 outer loop
  vertex -1.0631212 11.000229 1.462074
  vertex -0.833002 6.28899e-08 1.462074
  vertex 0.833002 6.28899e-08 1.462074
 endloop
endfacet
facet normal -1 2.7503304e-09 1.0924774e-07
 outer loop
  vertex 6.334392 -8.795782 8.938534
  vertex 6.334391 -8.792949 0.208998
  vertex 6.334391 -11.800118 0.284704
 endloop
endfacet
facet normal 0 -1 0
 outer loop
  vertex -6.3343906 -1.6300385 0.026209004
  vertex -6.3343906 -1.6300385 8.938534
  vertex -6.8750725 -1.6300385 8.938534
 endloop
endfacet
facet normal -1 -2.5759968e-07 1.0781004e-07
 outer loop
  vertex 6.33439 -4.3639827 0.095976
  vertex 6.334391 -4.3653717 8.938534
  vertex 6.3343906 -2.5142934 8.938534
 endloop
endfacet
facet normal 1.9251225e-07 -0.32716253 0.9449681
 outer loop
  vertex 6.875073 -11.800118 0.284704
  vertex 6.875073 -12.683222 -0.02104
  vertex 8.495783 -12.683221 -0.02104
 endloop
endfacet
facet normal -1 1.6396336e-07 4.8836955e-11
 outer loop
  vertex 6.334391 -8.092927 0.191133
  vertex 6.334391 -8.095532 8.938534
  vertex 6.3343916 -5.1873393 8.938534
 endloop
endfacet
facet normal 0.009373427 -5.4107946e-05 0.9999561
 outer loop
  vertex 6.875073 0.91898346 -0.005798
  vertex 6.869768 5.1865305e-07 -0.005798
  vertex 8.495783 6.4141375e-07 -0.02104
 endloop
endfacet
facet normal -2.3418329e-07 0.025510354 0.99967456
 outer loop
  vertex -6.3343906 -2.5135095 0.048754
  vertex -6.3343906 -1.6300385 0.026209004
  vertex -6.8750725 -1.6300385 0.026208878
 endloop
endfacet
facet normal 0 0 -1
 outer loop
  vertex -7.479495 11.159299 5.874201
  vertex -7.479496 11.00023 5.874201
  vertex -8.495783 11.00023 5.874201
 endloop
endfacet
facet normal -1 -2.5745062e-06 1.0686353e-07
 outer loop
  vertex 6.3343906 -1.6300385 0.026209
  vertex 6.3343916 -1.6305325 8.938534
  vertex 6.334389 -0.7044575 8.938534
 endloop
endfacet
facet normal 1 0 -0
 outer loop
  vertex -8.495783 11.00023 5.874201
  vertex -8.495783 11.000226 2.578928
  vertex -8.495783 14.342668 2.578928
 endloop
endfacet
facet normal -1 1.5082476e-08 8.3807413e-07
 outer loop
  vertex 4.994501 0.99321944 7.961689
  vertex 4.9944944 0.96933204 -0.0034294128
  vertex 4.9944944 0.531804 0.004444599
 endloop
endfacet
facet normal -7.0553456e-06 -1 -0.00015665285
 outer loop
  vertex 6.33439 -4.3639827 0.095976
  vertex 6.875072 -4.3639865 0.095976
  vertex 6.875072 -4.3653717 8.938534
 endloop
endfacet
facet normal -3.753555e-06 -1 -0
 outer loop
  vertex 8.495783 11.000225 1.46312
  vertex 8.495783 11.000225 2.578928
  vertex 7.4794936 11.000229 2.576836
 endloop
endfacet
facet normal 1 5.9953477e-06 -2.0183684e-09
 outer loop
  vertex -1.0631222 11.158188 2.576836
  vertex -1.0631222 11.159298 5.874201
  vertex -1.0631212 11.000229 5.874201
 endloop
endfacet
facet normal -7.934682e-06 0.025504537 0.9996747
 outer loop
  vertex -6.8750725 -8.093652 0.19113255
  vertex -6.8750725 -8.793745 0.20899391
  vertex -6.3343906 -8.793745 0.2089982
 endloop
endfacet
facet normal 1 0 -0
 outer loop
  vertex -8.495783 14.342668 10.037557
  vertex -8.495783 -12.683223 10.037557
  vertex -8.495783 11.000226 9.074413
 endloop
endfacet
facet normal -3.6103431e-06 -0.9999956 0.0029989874
 outer loop
  vertex 6.334391 -0.12888652 7.965626
  vertex 6.3343844 -0.15277392 0.00050735474
  vertex 6.8750653 -0.15277587 0.00050735474
 endloop
endfacet
facet normal 1 0 -0
 outer loop
  vertex -8.495783 0.91655034 1.465479
  vertex -8.495783 6.4141375e-07 -0.02104
  vertex -8.495783 0.9189841 -0.005798
 endloop
endfacet
facet normal -1 -0 -0
 outer loop
  vertex 8.495783 -11.800118 0.284704
  vertex 8.495783 -12.683223 10.037557
  vertex 8.495783 0.91655034 1.465479
 endloop
endfacet
facet normal -3.6869386e-11 -0.00065689994 0.99999976
 outer loop
  vertex -1.0631222 11.158188 2.576836
  vertex 8.495783 14.342667 2.578928
  vertex -8.495783 14.342668 2.578928
 endloop
endfacet
facet normal -0.0021009035 0.0002296561 0.9999978
 outer loop
  vertex 7.479492 11.00023 1.4610281
  vertex 6.875067 0.91655046 1.462074
  vertex 8.495783 0.91655034 1.465479
 endloop
endfacet
facet normal 1 0 -0
 outer loop
  vertex 6.875073 -8.795782 8.938534
  vertex 6.875073 -12.683222 8.938534
  vertex 6.875073 -11.800118 0.284704
 endloop
endfacet
facet normal 0 1 0
 outer loop
  vertex 6.334392 -12.683222 8.938534
  vertex 6.334392 -12.683222 -0.02104
  vertex -6.3343906 -12.683222 -0.02104
 endloop
endfacet
facet normal -5.612634e-08 -1 3.960675e-06
 outer loop
  vertex -8.495783 14.342664 9.074413
  vertex 8.495783 14.342663 9.074413
  vertex 8.495783 14.342667 10.037557
 endloop
endfacet
facet normal 2.2912421e-07 -8.0909615e-08 -1
 outer loop
  vertex -6.8750725 -8.093652 4.60188
  vertex -8.495767 -12.683221 4.60188
  vertex -8.495821 -0.89646536 4.601879
 endloop
endfacet
facet normal 1.7638364e-06 1.1625784e-06 1
 outer loop
  vertex -6.8750725 -4.3653717 4.833045
  vertex -6.8750725 -5.1856813 4.833046
  vertex -6.3343906 -5.1856813 4.833045
 endloop
endfacet
facet normal 1 0 -0
 outer loop
  vertex -3.938007 -12.683221 2.1659892
  vertex -3.938007 -12.683221 -0.02104
  vertex -3.938007 -9.972429 0.041121006
 endloop
endfacet
facet normal 0 0 -1
 outer loop
  vertex -6.3343906 -4.3653717 6.9050584
  vertex -6.3343906 -5.1856813 6.9050584
  vertex -6.8750725 -5.1856813 6.9050584
 endloop
endfacet
facet normal 2.978856e-06 -1 0
 outer loop
  vertex -6.8750725 -0.89646053 7.986669
  vertex -8.495821 -0.89646536 7.98667
  vertex -8.495821 -0.89646536 7.13623
 endloop
endfacet
facet normal -0.0033432764 0.9999944 0
 outer loop
  vertex -3.938007 -9.972429 8.938534
  vertex -3.938007 -9.972429 7.136225
  vertex -6.3343906 -9.980441 7.136227
 endloop
endfacet
facet normal 2.9420798e-06 0 1
 outer loop
  vertex -8.495821 -0.89646536 7.13623
  vertex -6.8750725 -4.3653717 7.136225
  vertex -6.8750725 -2.5135095 7.136225
 endloop
endfacet
facet normal 0 -0 1
 outer loop
  vertex -6.8750725 -1.6300385 7.136225
  vertex -6.8750725 -2.5135095 7.136225
  vertex -6.3343906 -2.5135095 7.136225
 endloop
endfacet
facet normal -0 -1.1625784e-06 -1
 outer loop
  vertex -6.8750725 -5.1856813 4.601881
  vertex -6.8750725 -4.3653717 4.60188
  vertex -6.3343906 -4.3653717 4.60188
 endloop
endfacet
facet normal -0 0 1
 outer loop
  vertex -6.3343906 -2.5135095 4.833045
  vertex -6.3343906 -1.6300385 4.833045
  vertex -6.8750725 -1.6300385 4.833045
 endloop
endfacet
facet normal 2.978856e-06 -1 0
 outer loop
  vertex -6.8750725 -0.89646053 4.601882
  vertex -8.495821 -0.89646536 4.601879
  vertex -8.495821 -0.89646536 2.397154
 endloop
endfacet
facet normal -5.884357e-07 2.4519352e-07 1
 outer loop
  vertex -8.495767 -12.683221 7.136225
  vertex -6.8750725 -12.683221 7.136226
  vertex -6.8750725 -8.793745 7.136225
 endloop
endfacet
facet normal 0.000104727354 1 1.52063685e-05
 outer loop
  vertex -6.3343906 -0.7042656 7.986669
  vertex -4.892187 -0.70441663 7.986669
  vertex -4.892187 -0.70433164 2.397154
 endloop
endfacet
facet normal -8.819182e-07 -0 -1
 outer loop
  vertex -6.8750725 -8.793745 4.60188
  vertex -6.8750725 -8.093652 4.60188
  vertex -6.3343906 -8.093652 4.6018796
 endloop
endfacet
facet normal 1.4857584e-06 -3.2795185e-07 1
 outer loop
  vertex -6.8750725 -8.093652 7.136225
  vertex -6.8750725 -5.1856813 7.136226
  vertex -8.495821 -0.89646536 7.13623
 endloop
endfacet
facet normal -6.547377e-05 1.1625785e-06 1
 outer loop
  vertex -6.8750725 -5.1856813 4.833046
  vertex -6.8750725 -4.3653717 4.833045
  vertex -8.495821 -0.89646536 4.832935
 endloop
endfacet
facet normal 0 0 -1
 outer loop
  vertex -6.8750725 -8.793745 4.60188
  vertex -6.8750725 -12.683221 4.60188
  vertex -8.495767 -12.683221 4.60188
 endloop
endfacet
facet normal -1.899864e-06 -1.1625785e-06 -1
 outer loop
  vertex -6.8750725 -4.3653717 4.60188
  vertex -6.8750725 -5.1856813 4.601881
  vertex -8.495821 -0.89646536 4.601879
 endloop
endfacet
facet normal 5.43036e-06 1.1625785e-06 1
 outer loop
  vertex -6.8750725 -5.1856813 7.136226
  vertex -6.8750725 -4.3653717 7.136225
  vertex -8.495821 -0.89646536 7.13623
 endloop
endfacet
facet normal 2.9420798e-06 -1 2.8765006e-08
 outer loop
  vertex -6.8750725 -0.89646053 6.9050584
  vertex -8.495821 -0.8964653 6.9050584
  vertex -8.495821 -0.89646536 4.832935
 endloop
endfacet
facet normal -8.8191825e-07 -0 -1
 outer loop
  vertex -6.8750725 -2.5135095 4.60188
  vertex -6.8750725 -1.6300385 4.60188
  vertex -6.3343906 -1.6300385 4.6018796
 endloop
endfacet
facet normal 1 0 0
 outer loop
  vertex -6.3343906 -2.5135095 7.136225
  vertex -6.3343906 -1.6300385 7.1362243
  vertex -6.3343906 -0.89646053 7.136225
 endloop
endfacet
facet normal 0 0 1
 outer loop
  vertex -8.495767 -12.683221 4.833045
  vertex -6.8750725 -12.683221 4.833045
  vertex -6.8750725 -8.793745 4.833045
 endloop
endfacet
facet normal 1.9363029e-11 -6.5001564e-06 1
 outer loop
  vertex -6.8750725 -1.6300385 7.136225
  vertex -6.8750725 -0.89646053 7.13623
  vertex -8.495821 -0.89646536 7.13623
 endloop
endfacet
facet normal 5.88416e-07 0 -1
 outer loop
  vertex -8.495821 -0.89646536 4.601879
  vertex -6.8750725 -1.6300385 4.60188
  vertex -6.8750725 -2.5135095 4.60188
 endloop
endfacet
facet normal -4.7367485e-05 1 0
 outer loop
  vertex -6.8750725 -0.7042656 7.986669
  vertex -6.8750725 -0.7042656 2.1659908
  vertex -8.495821 -0.70434237 2.165991
 endloop
endfacet
facet normal -0 -0 -1
 outer loop
  vertex -6.8750725 -8.793745 6.9050584
  vertex -6.8750725 -8.093652 6.9050584
  vertex -6.3343906 -8.093652 6.9050584
 endloop
endfacet
facet normal -0 0 -1
 outer loop
  vertex -8.495821 -0.8964653 6.9050584
  vertex -6.8750725 -0.89646053 6.9050584
  vertex -6.8750725 -1.6300385 6.9050584
 endloop
endfacet
facet normal 0 0 -1
 outer loop
  vertex -6.8750725 -2.5135095 6.9050584
  vertex -6.8750725 -4.3653717 6.9050584
  vertex -8.495821 -0.8964653 6.9050584
 endloop
endfacet
facet normal 1.7638364e-06 1.1625784e-06 1
 outer loop
  vertex -6.8750725 -4.3653717 7.136225
  vertex -6.8750725 -5.1856813 7.136226
  vertex -6.3343906 -5.1856813 7.136225
 endloop
endfacet
facet normal 0 0 -1
 outer loop
  vertex -6.8750725 -4.3653717 6.9050584
  vertex -6.8750725 -5.1856813 6.9050584
  vertex -8.495821 -0.8964653 6.9050584
 endloop
endfacet
facet normal -4.4728599e-10 0.00015015362 1
 outer loop
  vertex -6.8750725 -1.6300385 4.833045
  vertex -6.8750725 -0.89646053 4.832935
  vertex -8.495821 -0.89646536 4.832935
 endloop
endfacet
facet normal 1.7652401e-06 2.6000625e-06 -1
 outer loop
  vertex -8.495821 -0.89646536 4.601879
  vertex -6.8750725 -0.89646053 4.601882
  vertex -6.8750725 -1.6300385 4.60188
 endloop
endfacet
facet normal 0 0 1
 outer loop
  vertex -6.3343906 -8.093652 4.833045
  vertex -6.8750725 -8.093652 4.833045
  vertex -6.8750725 -8.793745 4.833045
 endloop
endfacet
facet normal -1.796519e-07 -4.0456165e-08 -1
 outer loop
  vertex -6.8750725 -8.093652 6.9050584
  vertex -8.495767 -12.683221 6.905059
  vertex -8.495821 -0.8964653 6.9050584
 endloop
endfacet
facet normal 0 0 -1
 outer loop
  vertex -6.3343906 -2.5135095 6.9050584
  vertex -6.8750725 -2.5135095 6.9050584
  vertex -6.8750725 -1.6300385 6.9050584
 endloop
endfacet
facet normal -2.6463846e-05 9.34506e-06 1
 outer loop
  vertex -8.495821 -0.89646536 4.832935
  vertex -8.495767 -12.683221 4.833045
  vertex -6.8750725 -8.093652 4.833045
 endloop
endfacet
facet normal -6.796204e-05 0 1
 outer loop
  vertex -8.495821 -0.89646536 4.832935
  vertex -6.8750725 -4.3653717 4.833045
  vertex -6.8750725 -2.5135095 4.833045
 endloop
endfacet
facet normal 5.884357e-07 -3.677903e-07 -1
 outer loop
  vertex -6.8750725 -8.793745 6.9050584
  vertex -6.8750725 -12.683221 6.90506
  vertex -8.495767 -12.683221 6.905059
 endloop
endfacet
facet normal 1 0 0
 outer loop
  vertex -3.938007 -9.972429 6.9050584
  vertex -3.938007 -12.683221 6.9050574
  vertex -3.938007 -12.683221 4.833045
 endloop
endfacet
facet normal 0 -1.3622104e-06 1
 outer loop
  vertex -6.8750725 -8.793745 7.136225
  vertex -6.3343906 -8.793745 7.136225
  vertex -6.3343906 -8.093652 7.136226
 endloop
endfacet
facet normal 0.9978536 0.065485306 -0
 outer loop
  vertex -4.1944695 -6.341517 2.3971555
  vertex -4.1944695 -6.341517 2.16599
  vertex -4.564417 -0.70432264 2.16599
 endloop
endfacet
facet normal -0.003343277 0.99999446 0
 outer loop
  vertex -6.3343906 -9.980441 4.833046
  vertex -6.3343906 -9.980441 6.9050584
  vertex -3.938007 -9.972429 6.9050584
 endloop
endfacet
facet normal -0.0033432767 0.9999944 0
 outer loop
  vertex -6.3343906 -9.980441 2.397157
  vertex -6.3343906 -9.980441 4.6018806
  vertex -3.938007 -9.972429 4.6018796
 endloop
endfacet
facet normal 1 -0 0
 outer loop
  vertex -3.938007 -9.972429 2.397156
  vertex -3.938007 -9.972429 4.6018796
  vertex -3.938007 -12.683221 4.601878
 endloop
endfacet
facet normal 0.61741215 0.7866398 -0
 outer loop
  vertex -2.1844957 -8.858864 2.3971555
  vertex -2.1844957 -8.858864 2.16599
  vertex -3.3554294 -7.93983 2.1659906
 endloop
endfacet
facet normal -0.0033424804 0.9999944 0
 outer loop
  vertex -3.938007 -9.972429 2.165991
  vertex -3.938007 -9.972429 0.041121006
  vertex -6.3343906 -9.980439 0.041121006
 endloop
endfacet
facet normal 0.88541484 0.4648017 -0
 outer loop
  vertex -3.3554294 -7.93983 2.3971555
  vertex -3.3554294 -7.93983 2.1659906
  vertex -4.1944695 -6.341517 2.16599
 endloop
endfacet
facet normal 0.38914225 0.9211776 -0
 outer loop
  vertex -1.1304038 -9.304154 2.397156
  vertex -1.1304038 -9.304154 2.16599
  vertex -2.1844957 -8.858864 2.16599
 endloop
endfacet
facet normal 1 0 -0
 outer loop
  vertex -3.938007 -12.683221 8.938534
  vertex -3.938007 -12.683221 7.136226
  vertex -3.938007 -9.972429 7.136225
 endloop
endfacet
facet normal 1 4.963723e-06 -0
 outer loop
  vertex -4.892186 -0.8964605 4.6018796
  vertex -4.892186 -0.8964605 2.397154
  vertex -4.892187 -0.70433164 2.397154
 endloop
endfacet
facet normal 2.887073e-07 -2.5749063e-07 -1
 outer loop
  vertex -6.3343906 -4.3653717 4.60188
  vertex -6.3343906 -2.5135095 4.6018796
  vertex -4.892186 -0.8964605 4.6018796
 endloop
endfacet
facet normal 0 -0 1
 outer loop
  vertex -6.3343906 -1.6300385 4.833045
  vertex -6.3343906 -2.5135095 4.833045
  vertex -4.892186 -0.8964605 4.833045
 endloop
endfacet
facet normal -0 0 1
 outer loop
  vertex -2.522426 -9.415737 4.833045
  vertex -3.5927103 -8.407131 4.833045
  vertex -3.938007 -9.972429 4.833045
 endloop
endfacet
facet normal -0 -0 -1
 outer loop
  vertex -6.3343906 -5.1856813 4.60188
  vertex -6.3343906 -4.3653717 4.60188
  vertex -4.4617276 -6.9140787 4.60188
 endloop
endfacet
facet normal 4.0170118e-08 3.404724e-07 -1
 outer loop
  vertex -6.3343906 -8.093652 4.6018796
  vertex -4.4617276 -6.9140787 4.60188
  vertex -3.5927103 -8.417125 4.6018796
 endloop
endfacet
facet normal 0 -0 1
 outer loop
  vertex -1.3441209 -9.969428 4.833045
  vertex -3.938007 -12.683221 4.833045
  vertex 0 -12.683222 4.833045
 endloop
endfacet
facet normal 0 -0 1
 outer loop
  vertex -6.3343906 -8.093652 4.833045
  vertex -6.3343906 -8.793745 4.833045
  vertex -3.5927103 -8.407131 4.833045
 endloop
endfacet
facet normal 0 0 1
 outer loop
  vertex -4.892186 -0.8964605 4.833045
  vertex -6.3343906 -2.5135095 4.833045
  vertex -6.3343906 -4.3653717 4.833045
 endloop
endfacet
facet normal -0 0 -1
 outer loop
  vertex -6.3343906 -8.793745 4.6018796
  vertex -3.5927103 -8.417125 4.6018796
  vertex -3.938007 -9.972429 4.6018796
 endloop
endfacet
facet normal 0 0 -1
 outer loop
  vertex -1.3441209 -9.969428 4.6018796
  vertex 0 -10.091718 4.6018796
  vertex 0 -12.683222 4.6018796
 endloop
endfacet
facet normal 0 -0 1
 outer loop
  vertex -6.3343906 -5.1856813 4.833045
  vertex -6.3343906 -8.093652 4.833045
  vertex -4.4617276 -6.9140787 4.833045
 endloop
endfacet
facet normal 0 0 -1
 outer loop
  vertex -4.892186 -0.8964605 4.6018796
  vertex -6.3343906 -2.5135095 4.6018796
  vertex -6.3343906 -1.6300385 4.6018796
 endloop
endfacet
facet normal -0 0 -1
 outer loop
  vertex -3.938007 -9.972429 4.6018796
  vertex -3.5927103 -8.417125 4.6018796
  vertex -2.522426 -9.415737 4.6018796
 endloop
endfacet
facet normal 3.9527717e-07 8.036382e-07 1
 outer loop
  vertex -6.3343906 -8.793745 4.833045
  vertex -6.3343906 -9.980441 4.833046
  vertex -3.938007 -9.972429 4.833045
 endloop
endfacet
facet normal 0 -0 -1
 outer loop
  vertex -6.3343906 -4.3653717 6.9050584
  vertex -6.3343906 -2.5135095 6.9050584
  vertex -4.892186 -0.89646053 6.9050584
 endloop
endfacet
facet normal 0.0021936123 0.00231424 0.99999493
 outer loop
  vertex -2.522426 -9.415737 7.1318316
  vertex -3.5927103 -8.40124 7.1318316
  vertex -3.938007 -9.972429 7.136225
 endloop
endfacet
facet normal -0 -0 -1
 outer loop
  vertex -6.3343906 -5.1856813 6.9050584
  vertex -6.3343906 -4.3653717 6.9050584
  vertex -4.4617276 -6.9140787 6.9050584
 endloop
endfacet
facet normal -0 0 -1
 outer loop
  vertex -6.3343906 -8.093652 6.9050584
  vertex -4.4617276 -6.9140787 6.9050584
  vertex -3.5927103 -8.417125 6.9050584
 endloop
endfacet
facet normal 3.9215595e-10 0.0016193293 0.99999875
 outer loop
  vertex -1.3441209 -9.969428 7.1318316
  vertex -3.938007 -12.683221 7.136226
  vertex 0 -12.683222 7.136226
 endloop
endfacet
facet normal 0.0016027057 -1.3622086e-06 0.9999987
 outer loop
  vertex -6.3343906 -8.093652 7.136226
  vertex -6.3343906 -8.793745 7.136225
  vertex -3.5927103 -8.40124 7.1318316
 endloop
endfacet
facet normal -0 0 -1
 outer loop
  vertex -6.3343906 -8.793745 6.9050584
  vertex -3.5927103 -8.417125 6.9050584
  vertex -3.938007 -9.972429 6.9050584
 endloop
endfacet
facet normal -1.6740545e-08 -1.8400016e-07 -1
 outer loop
  vertex -1.3441209 -9.969428 6.9050584
  vertex 0 -10.091718 6.9050584
  vertex 0 -12.683222 6.905059
 endloop
endfacet
facet normal 0.0023464616 3.2795094e-07 0.9999972
 outer loop
  vertex -6.3343906 -5.1856813 7.136225
  vertex -6.3343906 -8.093652 7.136226
  vertex -4.4617276 -6.9140787 7.1318316
 endloop
endfacet
facet normal 0 0 -1
 outer loop
  vertex -4.892186 -0.89646053 6.9050584
  vertex -6.3343906 -2.5135095 6.9050584
  vertex -6.3343906 -1.6300385 6.9050584
 endloop
endfacet
facet normal -0 0 -1
 outer loop
  vertex -3.938007 -9.972429 6.9050584
  vertex -3.5927103 -8.417125 6.9050584
  vertex -2.522426 -9.415737 6.9050584
 endloop
endfacet
facet normal 7.9055434e-07 1.6072764e-06 1
 outer loop
  vertex -6.3343906 -8.793745 7.136225
  vertex -6.3343906 -9.980441 7.136227
  vertex -3.938007 -9.972429 7.136225
 endloop
endfacet
facet normal 4.1328846e-08 -1 -2.8766534e-08
 outer loop
  vertex -6.3343906 -0.89646053 4.833045
  vertex -4.892186 -0.8964605 4.833045
  vertex -4.892186 -0.89646053 6.9050584
 endloop
endfacet
facet normal 1 4.9659175e-06 1.4285224e-13
 outer loop
  vertex -4.892187 -0.70441663 7.986669
  vertex -4.892186 -0.89646053 6.9050584
  vertex -4.892186 -0.8964605 4.833045
 endloop
endfacet
facet normal -1.4710704e-07 -6.67563e-13 -1
 outer loop
  vertex -6.8750725 -8.093652 2.1659908
  vertex -8.495767 -12.683221 2.165991
  vertex -8.495821 -0.70434237 2.165991
 endloop
endfacet
facet normal 1.3228773e-06 1.1625784e-06 1
 outer loop
  vertex -6.8750725 -4.3653717 2.3971558
  vertex -6.8750725 -5.1856813 2.3971567
  vertex -6.3343906 -5.1856813 2.397156
 endloop
endfacet
facet normal -0 -1.1625784e-06 -1
 outer loop
  vertex -6.8750725 -5.1856813 2.1659918
  vertex -6.8750725 -4.3653717 2.1659908
  vertex -6.3343906 -4.3653717 2.1659908
 endloop
endfacet
facet normal -4.4095913e-07 0 1
 outer loop
  vertex -6.3343906 -2.5135095 2.397156
  vertex -6.3343906 -1.6300385 2.397156
  vertex -6.8750725 -1.6300385 2.3971558
 endloop
endfacet
facet normal -4.409591e-07 -0 -1
 outer loop
  vertex -6.8750725 -8.793745 2.1659908
  vertex -6.8750725 -8.093652 2.1659908
  vertex -6.3343906 -8.093652 2.1659906
 endloop
endfacet
facet normal 1.458552e-06 1.1625785e-06 1
 outer loop
  vertex -6.8750725 -5.1856813 2.3971567
  vertex -6.8750725 -4.3653717 2.3971558
  vertex -8.495821 -0.89646536 2.397154
 endloop
endfacet
facet normal -1.4710892e-07 0 -1
 outer loop
  vertex -6.8750725 -8.793745 2.1659908
  vertex -6.8750725 -12.683221 2.1659908
  vertex -8.495767 -12.683221 2.165991
 endloop
endfacet
facet normal -2.7731955e-06 -1.1625785e-06 -1
 outer loop
  vertex -6.8750725 -4.3653717 2.1659908
  vertex -6.8750725 -5.1856813 2.1659918
  vertex -8.495821 -0.70434237 2.165991
 endloop
endfacet
facet normal -4.4095913e-07 -0 -1
 outer loop
  vertex -6.8750725 -2.5135095 2.1659908
  vertex -6.8750725 -1.6300385 2.1659908
  vertex -6.3343906 -1.6300385 2.1659906
 endloop
endfacet
facet normal 1.4710892e-07 0 1
 outer loop
  vertex -8.495767 -12.683221 2.397156
  vertex -6.8750725 -12.683221 2.3971558
  vertex -6.8750725 -8.793745 2.3971558
 endloop
endfacet
facet normal -1.47104e-07 0 -1
 outer loop
  vertex -8.495821 -0.70434237 2.165991
  vertex -6.8750725 -1.6300385 2.1659908
  vertex -6.8750725 -2.5135095 2.1659908
 endloop
endfacet
facet normal 6.6637665e-05 0.0001495036 1
 outer loop
  vertex -6.8750725 -1.6300385 2.3971558
  vertex -6.8750725 -0.89646053 2.397046
  vertex -8.495821 -0.89646536 2.397154
 endloop
endfacet
facet normal -1.47104e-07 0 -1
 outer loop
  vertex -8.495821 -0.70434237 2.165991
  vertex -6.8750725 -0.7042656 2.1659908
  vertex -6.8750725 -1.6300385 2.1659908
 endloop
endfacet
facet normal -4.409591e-07 0 1
 outer loop
  vertex -6.3343906 -8.093652 2.397156
  vertex -6.8750725 -8.093652 2.3971558
  vertex -6.8750725 -8.793745 2.3971558
 endloop
endfacet
facet normal -3.1114143e-07 1.6181991e-07 1
 outer loop
  vertex -8.495821 -0.89646536 2.397154
  vertex -8.495767 -12.683221 2.397156
  vertex -6.8750725 -8.093652 2.3971558
 endloop
endfacet
facet normal -1.029728e-06 0 1
 outer loop
  vertex -8.495821 -0.89646536 2.397154
  vertex -6.8750725 -4.3653717 2.3971558
  vertex -6.8750725 -2.5135095 2.3971558
 endloop
endfacet
facet normal -1.378059e-07 -1.2874531e-07 -1
 outer loop
  vertex -6.3343906 -4.3653717 2.1659908
  vertex -6.3343906 -2.5135095 2.1659906
  vertex -4.564417 -0.70432264 2.16599
 endloop
endfacet
facet normal 1.3225231e-06 -0 1
 outer loop
  vertex -6.3343906 -1.6300385 2.397156
  vertex -6.3343906 -2.5135095 2.397156
  vertex -4.892186 -0.8964605 2.397154
 endloop
endfacet
facet normal 1.5031294e-07 1.915125e-07 1
 outer loop
  vertex -2.1844957 -8.858864 2.3971555
  vertex -3.3554294 -7.93983 2.3971555
  vertex -3.938007 -9.972429 2.397156
 endloop
endfacet
facet normal -6.026445e-07 -2.906446e-07 -1
 outer loop
  vertex -6.3343906 -5.1856813 2.165991
  vertex -6.3343906 -4.3653717 2.1659908
  vertex -4.1944695 -6.341517 2.16599
 endloop
endfacet
facet normal 1.4998445e-08 -2.9046433e-07 -1
 outer loop
  vertex -6.3343906 -8.093652 2.1659906
  vertex -4.1944695 -6.341517 2.16599
  vertex -3.3554294 -7.93983 2.1659906
 endloop
endfacet
facet normal 0 -0 1
 outer loop
  vertex -1.1304038 -9.304154 2.397156
  vertex -3.938007 -12.683221 2.397156
  vertex 0 -12.683222 2.397156
 endloop
endfacet
facet normal 1.6006825e-07 -0 1
 outer loop
  vertex -6.3343906 -8.093652 2.397156
  vertex -6.3343906 -8.793745 2.397156
  vertex -3.3554294 -7.93983 2.3971555
 endloop
endfacet
facet normal 1.4668766e-06 -1.2874531e-07 1
 outer loop
  vertex -4.892186 -0.8964605 2.397154
  vertex -6.3343906 -2.5135095 2.397156
  vertex -6.3343906 -4.3653717 2.3971558
 endloop
endfacet
facet normal 7.326565e-08 -2.5559393e-07 -1
 outer loop
  vertex -6.3343906 -8.793745 2.1659906
  vertex -3.3554294 -7.93983 2.1659906
  vertex -3.938007 -9.972429 2.165991
 endloop
endfacet
facet normal 4.2182904e-07 0 -1
 outer loop
  vertex -1.1304038 -9.304154 2.16599
  vertex 0 -9.461774 2.1659906
  vertex 0 -12.683222 2.1659906
 endloop
endfacet
facet normal 2.2282931e-07 -0 1
 outer loop
  vertex -6.3343906 -5.1856813 2.397156
  vertex -6.3343906 -8.093652 2.397156
  vertex -4.1944695 -6.341517 2.3971555
 endloop
endfacet
facet normal -2.6940353e-07 -0 -1
 outer loop
  vertex -4.564417 -0.70432264 2.16599
  vertex -6.3343906 -2.5135095 2.1659906
  vertex -6.3343906 -1.6300385 2.1659906
 endloop
endfacet
facet normal -4.8275547e-07 -9.622878e-08 -1
 outer loop
  vertex -3.938007 -9.972429 2.165991
  vertex -3.3554294 -7.93983 2.1659906
  vertex -2.1844957 -8.858864 2.16599
 endloop
endfacet
facet normal 3.9527717e-07 8.036382e-07 1
 outer loop
  vertex -6.3343906 -8.793745 2.397156
  vertex -6.3343906 -9.980441 2.397157
  vertex -3.938007 -9.972429 2.397156
 endloop
endfacet
facet normal 1.7092802e-07 3.637505e-07 -1
 outer loop
  vertex -2.522426 -9.415737 4.6018796
  vertex -1.3441209 -9.969428 4.6018796
  vertex -3.938007 -12.683221 4.601878
 endloop
endfacet
facet normal 0 -0 1
 outer loop
  vertex -2.522426 -9.415737 4.833045
  vertex -3.938007 -12.683221 4.833045
  vertex -1.3441209 -9.969428 4.833045
 endloop
endfacet
facet normal 1.1395202e-07 2.4250033e-07 -1
 outer loop
  vertex -2.522426 -9.415737 6.9050584
  vertex -1.3441209 -9.969428 6.9050584
  vertex -3.938007 -12.683221 6.9050574
 endloop
endfacet
facet normal 0.0005250905 0.0011174411 0.9999993
 outer loop
  vertex -2.522426 -9.415737 7.1318316
  vertex -3.938007 -12.683221 7.136226
  vertex -1.3441209 -9.969428 7.1318316
 endloop
endfacet
facet normal -3.3483974e-07 2.782121e-07 1
 outer loop
  vertex -2.1844957 -8.858864 2.3971555
  vertex -3.938007 -12.683221 2.397156
  vertex -1.1304038 -9.304154 2.397156
 endloop
endfacet
facet normal 8.824981e-08 2.0890498e-07 -1
 outer loop
  vertex -2.1844957 -8.858864 2.16599
  vertex -1.1304038 -9.304154 2.16599
  vertex -3.938007 -12.683221 2.1659892
 endloop
endfacet
facet normal 0.13810039 0.9904182 -0
 outer loop
  vertex 0 -9.461774 2.3971555
  vertex 0 -9.461774 2.1659906
  vertex -1.1304038 -9.304154 2.16599
 endloop
endfacet
facet normal -2.745918e-05 1 0
 outer loop
  vertex -4.564417 -0.70432264 2.16599
  vertex -4.892187 -0.70433164 2.397154
  vertex -4.564417 -0.70432264 2.3971555
 endloop
endfacet
facet normal -4.364373e-06 -2.1663539e-11 1
 outer loop
  vertex -4.564417 -0.70432264 2.3971555
  vertex -4.892187 -0.70433164 2.397154
  vertex -4.892186 -0.8964605 2.397154
 endloop
endfacet
facet normal 6.860588e-06 -1 1.1564288e-05
 outer loop
  vertex -4.892186 -0.8964605 7.136226
  vertex -4.892186 -0.89645064 7.986669
  vertex -6.3343906 -0.89646053 7.986669
 endloop
endfacet
facet normal -1.8715924e-06 1.079463e-06 1
 outer loop
  vertex -6.3343906 -1.6300385 7.1362243
  vertex -6.3343906 -2.5135095 7.136225
  vertex -4.892186 -0.8964605 7.136226
 endloop
endfacet
facet normal -6.612615e-07 0 1
 outer loop
  vertex -4.892186 -0.8964605 7.136226
  vertex -6.3343906 -2.5135095 7.136225
  vertex -6.3343906 -4.3653717 7.136225
 endloop
endfacet
facet normal 1 4.966174e-06 -5.743027e-11
 outer loop
  vertex -4.892187 -0.70441663 7.986669
  vertex -4.892186 -0.89645064 7.986669
  vertex -4.892186 -0.8964605 7.136226
 endloop
endfacet
facet normal 4.1328843e-08 -1 0
 outer loop
  vertex -4.892186 -0.8964605 4.6018796
  vertex -6.3343906 -0.89646053 4.6018796
  vertex -6.3343906 -0.89646053 2.397154
 endloop
endfacet
facet normal -2.0447374e-06 3.2795185e-07 -1
 outer loop
  vertex 6.8750725 -8.093652 4.60188
  vertex 6.8750725 -5.1856813 4.601881
  vertex 8.495821 -0.89646536 4.601879
 endloop
endfacet
facet normal -1.7638364e-06 1.1625784e-06 1
 outer loop
  vertex 6.3343906 -5.1856813 4.833045
  vertex 6.8750725 -5.1856813 4.833046
  vertex 6.8750725 -4.3653717 4.833045
 endloop
endfacet
facet normal -1 0 0
 outer loop
  vertex 3.938007 -9.972429 0.041121006
  vertex 3.938007 -12.683221 -0.02104
  vertex 3.938007 -12.683221 2.1659892
 endloop
endfacet
facet normal 0 0 -1
 outer loop
  vertex 6.8750725 -5.1856813 6.9050584
  vertex 6.3343906 -5.1856813 6.9050584
  vertex 6.3343906 -4.3653717 6.9050584
 endloop
endfacet
facet normal -2.978856e-06 -1 0
 outer loop
  vertex 6.8750725 -0.89646053 7.986669
  vertex 6.8750725 -0.89646053 7.13623
  vertex 8.495821 -0.89646536 7.13623
 endloop
endfacet
facet normal 0.003343277 0.99999446 -0
 outer loop
  vertex 3.938007 -9.972429 8.938534
  vertex 6.3343906 -9.980441 8.938534
  vertex 6.3343906 -9.980441 7.136227
 endloop
endfacet
facet normal -2.9420798e-06 0 1
 outer loop
  vertex 8.495821 -0.89646536 7.13623
  vertex 6.8750725 -1.6300385 7.136225
  vertex 6.8750725 -2.5135095 7.136225
 endloop
endfacet
facet normal 0 0 1
 outer loop
  vertex 6.3343906 -2.5135095 7.136225
  vertex 6.8750725 -2.5135095 7.136225
  vertex 6.8750725 -1.6300385 7.136225
 endloop
endfacet
facet normal -0 -1.1625784e-06 -1
 outer loop
  vertex 6.3343906 -4.3653717 4.60188
  vertex 6.8750725 -4.3653717 4.60188
  vertex 6.8750725 -5.1856813 4.601881
 endloop
endfacet
facet normal 0 0 1
 outer loop
  vertex 6.8750725 -1.6300385 4.833045
  vertex 6.3343906 -1.6300385 4.833045
  vertex 6.3343906 -2.5135095 4.833045
 endloop
endfacet
facet normal -2.978856e-06 -1 -0
 outer loop
  vertex 8.495821 -0.89646536 2.397154
  vertex 8.495821 -0.89646536 4.601879
  vertex 6.8750725 -0.89646053 4.601882
 endloop
endfacet
facet normal -0 0 1
 outer loop
  vertex 8.495767 -12.683221 7.136225
  vertex 6.8750725 -8.093652 7.136225
  vertex 6.8750725 -8.793745 7.136225
 endloop
endfacet
facet normal -4.5792392e-05 1 0
 outer loop
  vertex 6.3343906 -0.7042656 7.986669
  vertex 6.3343906 -0.7042656 2.397152
  vertex 4.892187 -0.70433164 2.397154
 endloop
endfacet
facet normal 8.819182e-07 0 -1
 outer loop
  vertex 6.3343906 -8.093652 4.6018796
  vertex 6.8750725 -8.093652 4.60188
  vertex 6.8750725 -8.793745 4.60188
 endloop
endfacet
facet normal -1.145621e-06 -4.0454808e-07 1
 outer loop
  vertex 6.8750725 -8.093652 7.136225
  vertex 8.495767 -12.683221 7.136225
  vertex 8.495821 -0.89646536 7.13623
 endloop
endfacet
facet normal 6.547375e-05 1.1625741e-06 1
 outer loop
  vertex 6.8750725 -5.1856813 4.833046
  vertex 8.495821 -0.89646536 4.832935
  vertex 6.8750725 -4.3653717 4.833045
 endloop
endfacet
facet normal -0 -0 -1
 outer loop
  vertex 6.8750725 -8.793745 4.60188
  vertex 6.8750725 -8.093652 4.60188
  vertex 8.495767 -12.683221 4.60188
 endloop
endfacet
facet normal 1.8998634e-06 -1.1625782e-06 -1
 outer loop
  vertex 6.8750725 -4.3653717 4.60188
  vertex 8.495821 -0.89646536 4.601879
  vertex 6.8750725 -5.1856813 4.601881
 endloop
endfacet
facet normal -5.4303578e-06 1.1625782e-06 1
 outer loop
  vertex 6.8750725 -5.1856813 7.136226
  vertex 8.495821 -0.89646536 7.13623
  vertex 6.8750725 -4.3653717 7.136225
 endloop
endfacet
facet normal -2.9420798e-06 -1 2.8765006e-08
 outer loop
  vertex 8.495821 -0.89646536 4.832935
  vertex 8.495821 -0.8964653 6.9050584
  vertex 6.8750725 -0.89646053 6.9050584
 endloop
endfacet
facet normal 8.8191825e-07 0 -1
 outer loop
  vertex 6.3343906 -1.6300385 4.6018796
  vertex 6.8750725 -1.6300385 4.60188
  vertex 6.8750725 -2.5135095 4.60188
 endloop
endfacet
facet normal -1 0 0
 outer loop
  vertex 6.3343906 -2.5135095 7.136225
  vertex 6.3343906 -0.89646053 7.136225
  vertex 6.3343906 -1.6300385 7.1362243
 endloop
endfacet
facet normal -0 0 1
 outer loop
  vertex 8.495767 -12.683221 4.833045
  vertex 6.8750725 -8.093652 4.833045
  vertex 6.8750725 -8.793745 4.833045
 endloop
endfacet
facet normal -1.9363029e-11 -6.5001564e-06 1
 outer loop
  vertex 6.8750725 -1.6300385 7.136225
  vertex 8.495821 -0.89646536 7.13623
  vertex 6.8750725 -0.89646053 7.13623
 endloop
endfacet
facet normal -5.8841596e-07 -0 -1
 outer loop
  vertex 8.495821 -0.89646536 4.601879
  vertex 6.8750725 -4.3653717 4.60188
  vertex 6.8750725 -2.5135095 4.60188
 endloop
endfacet
facet normal 4.7367485e-05 1 0
 outer loop
  vertex 8.495821 -0.70434237 2.165991
  vertex 6.8750725 -0.7042656 2.1659908
  vertex 6.8750725 -0.7042656 7.986669
 endloop
endfacet
facet normal 0 0 -1
 outer loop
  vertex 6.3343906 -8.093652 6.9050584
  vertex 6.8750725 -8.093652 6.9050584
  vertex 6.8750725 -8.793745 6.9050584
 endloop
endfacet
facet normal 0 0 -1
 outer loop
  vertex 8.495821 -0.8964653 6.9050584
  vertex 6.8750725 -1.6300385 6.9050584
  vertex 6.8750725 -0.89646053 6.9050584
 endloop
endfacet
facet normal 0 0 -1
 outer loop
  vertex 8.495821 -0.8964653 6.9050584
  vertex 6.8750725 -4.3653717 6.9050584
  vertex 6.8750725 -2.5135095 6.9050584
 endloop
endfacet
facet normal -1.7638364e-06 1.1625784e-06 1
 outer loop
  vertex 6.3343906 -5.1856813 7.136225
  vertex 6.8750725 -5.1856813 7.136226
  vertex 6.8750725 -4.3653717 7.136225
 endloop
endfacet
facet normal -0 0 -1
 outer loop
  vertex 6.8750725 -4.3653717 6.9050584
  vertex 8.495821 -0.8964653 6.9050584
  vertex 6.8750725 -5.1856813 6.9050584
 endloop
endfacet
facet normal 4.4728599e-10 0.00015015362 1
 outer loop
  vertex 6.8750725 -1.6300385 4.833045
  vertex 8.495821 -0.89646536 4.832935
  vertex 6.8750725 -0.89646053 4.832935
 endloop
endfacet
facet normal -1.7652401e-06 2.6000625e-06 -1
 outer loop
  vertex 8.495821 -0.89646536 4.601879
  vertex 6.8750725 -1.6300385 4.60188
  vertex 6.8750725 -0.89646053 4.601882
 endloop
endfacet
facet normal -0 0 1
 outer loop
  vertex 6.8750725 -8.793745 4.833045
  vertex 6.8750725 -8.093652 4.833045
  vertex 6.3343906 -8.093652 4.833045
 endloop
endfacet
facet normal 1.796519e-07 -4.0456165e-08 -1
 outer loop
  vertex 8.495821 -0.8964653 6.9050584
  vertex 8.495767 -12.683221 6.905059
  vertex 6.8750725 -8.093652 6.9050584
 endloop
endfacet
facet normal 0 0 -1
 outer loop
  vertex 6.8750725 -1.6300385 6.9050584
  vertex 6.8750725 -2.5135095 6.9050584
  vertex 6.3343906 -2.5135095 6.9050584
 endloop
endfacet
facet normal 6.941836e-05 -3.2795185e-07 1
 outer loop
  vertex 8.495821 -0.89646536 4.832935
  vertex 6.8750725 -5.1856813 4.833046
  vertex 6.8750725 -8.093652 4.833045
 endloop
endfacet
facet normal 6.796205e-05 -0 1
 outer loop
  vertex 8.495821 -0.89646536 4.832935
  vertex 6.8750725 -1.6300385 4.833045
  vertex 6.8750725 -2.5135095 4.833045
 endloop
endfacet
facet normal 2.9421784e-07 0 -1
 outer loop
  vertex 6.8750725 -8.793745 6.9050584
  vertex 6.8750725 -8.093652 6.9050584
  vertex 8.495767 -12.683221 6.905059
 endloop
endfacet
facet normal -1 -0 0
 outer loop
  vertex 3.938007 -12.683221 6.9050574
  vertex 3.938007 -9.972429 6.9050584
  vertex 3.938007 -9.972429 4.833045
 endloop
endfacet
facet normal 0 -1.3622104e-06 1
 outer loop
  vertex 6.3343906 -8.093652 7.136226
  vertex 6.3343906 -8.793745 7.136225
  vertex 6.8750725 -8.793745 7.136225
 endloop
endfacet
facet normal -0.9978536 0.065485306 0
 outer loop
  vertex 4.564417 -0.70432264 2.16599
  vertex 4.1944695 -6.341517 2.16599
  vertex 4.1944695 -6.341517 2.3971555
 endloop
endfacet
facet normal 0.003343277 0.99999446 -0
 outer loop
  vertex 3.938007 -9.972429 6.9050584
  vertex 6.3343906 -9.980441 6.9050584
  vertex 6.3343906 -9.980441 4.833046
 endloop
endfacet
facet normal 0.0033432767 0.9999944 -0
 outer loop
  vertex 3.938007 -9.972429 4.6018796
  vertex 6.3343906 -9.980441 4.6018806
  vertex 6.3343906 -9.980441 2.397157
 endloop
endfacet
facet normal -1 -0 0
 outer loop
  vertex 3.938007 -12.683221 4.601878
  vertex 3.938007 -9.972429 4.6018796
  vertex 3.938007 -9.972429 2.397156
 endloop
endfacet
facet normal -0.61741215 0.7866398 0
 outer loop
  vertex 3.3554294 -7.93983 2.1659906
  vertex 2.1844957 -8.858864 2.16599
  vertex 2.1844957 -8.858864 2.3971555
 endloop
endfacet
facet normal 0.0033424804 0.9999944 0
 outer loop
  vertex 6.3343906 -9.980439 0.041121006
  vertex 3.938007 -9.972429 0.041121006
  vertex 3.938007 -9.972429 2.165991
 endloop
endfacet
facet normal -0.88541484 0.4648017 0
 outer loop
  vertex 4.1944695 -6.341517 2.16599
  vertex 3.3554294 -7.93983 2.1659906
  vertex 3.3554294 -7.93983 2.3971555
 endloop
endfacet
facet normal -0.38914225 0.9211776 0
 outer loop
  vertex 2.1844957 -8.858864 2.16599
  vertex 1.1304038 -9.304154 2.16599
  vertex 1.1304038 -9.304154 2.397156
 endloop
endfacet
facet normal -1 0 0
 outer loop
  vertex 3.938007 -9.972429 7.136225
  vertex 3.938007 -12.683221 7.136226
  vertex 3.938007 -12.683221 8.938534
 endloop
endfacet
facet normal -1 4.963723e-06 0
 outer loop
  vertex 4.892186 -0.8964605 4.6018796
  vertex 4.892186 -0.8964605 4.833045
  vertex 4.892187 -0.70433164 2.397154
 endloop
endfacet
facet normal -2.887073e-07 -2.5749063e-07 -1
 outer loop
  vertex 4.892186 -0.8964605 4.6018796
  vertex 6.3343906 -2.5135095 4.6018796
  vertex 6.3343906 -4.3653717 4.60188
 endloop
endfacet
facet normal 0 0 1
 outer loop
  vertex 4.892186 -0.8964605 4.833045
  vertex 6.3343906 -2.5135095 4.833045
  vertex 6.3343906 -1.6300385 4.833045
 endloop
endfacet
facet normal -0 0 1
 outer loop
  vertex 3.938007 -9.972429 4.833045
  vertex 3.5927103 -8.407131 4.833045
  vertex 2.522426 -9.415737 4.833045
 endloop
endfacet
facet normal -1.513436e-07 1.6397593e-07 -1
 outer loop
  vertex 6.3343906 -5.1856813 4.60188
  vertex 6.3343906 -8.093652 4.6018796
  vertex 4.4617276 -6.9140787 4.60188
 endloop
endfacet
facet normal 0 0 -1
 outer loop
  vertex 6.3343906 -8.093652 4.6018796
  vertex 6.3343906 -8.793745 4.6018796
  vertex 3.5927103 -8.417125 4.6018796
 endloop
endfacet
facet normal 0 0 1
 outer loop
  vertex 1.3441209 -9.969428 4.833045
  vertex 0 -10.091718 4.833045
  vertex 0 -12.683222 4.833045
 endloop
endfacet
facet normal -0 0 1
 outer loop
  vertex 6.3343906 -8.093652 4.833045
  vertex 4.4617276 -6.9140787 4.833045
  vertex 3.5927103 -8.407131 4.833045
 endloop
endfacet
facet normal 0 0 1
 outer loop
  vertex 6.3343906 -4.3653717 4.833045
  vertex 6.3343906 -2.5135095 4.833045
  vertex 4.892186 -0.8964605 4.833045
 endloop
endfacet
facet normal 3.9527717e-07 -8.036382e-07 -1
 outer loop
  vertex 6.3343906 -8.793745 4.6018796
  vertex 6.3343906 -9.980441 4.6018806
  vertex 3.938007 -9.972429 4.6018796
 endloop
endfacet
facet normal -3.6325775e-07 1.799187e-07 -1
 outer loop
  vertex 1.3441209 -9.969428 4.6018796
  vertex 3.938007 -12.683221 4.601878
  vertex 0 -12.683222 4.6018796
 endloop
endfacet
facet normal -0 0 1
 outer loop
  vertex 6.3343906 -5.1856813 4.833045
  vertex 6.3343906 -4.3653717 4.833045
  vertex 4.4617276 -6.9140787 4.833045
 endloop
endfacet
facet normal 0 0 -1
 outer loop
  vertex 6.3343906 -1.6300385 4.6018796
  vertex 6.3343906 -2.5135095 4.6018796
  vertex 4.892186 -0.8964605 4.6018796
 endloop
endfacet
facet normal -0 0 -1
 outer loop
  vertex 2.522426 -9.415737 4.6018796
  vertex 3.5927103 -8.417125 4.6018796
  vertex 3.938007 -9.972429 4.6018796
 endloop
endfacet
facet normal -0 -0 1
 outer loop
  vertex 6.3343906 -8.793745 4.833045
  vertex 3.5927103 -8.407131 4.833045
  vertex 3.938007 -9.972429 4.833045
 endloop
endfacet
facet normal 0 0 -1
 outer loop
  vertex 4.892186 -0.89646053 6.9050584
  vertex 6.3343906 -2.5135095 6.9050584
  vertex 6.3343906 -4.3653717 6.9050584
 endloop
endfacet
facet normal -0.0021936123 0.00231424 0.99999493
 outer loop
  vertex 3.938007 -9.972429 7.136225
  vertex 3.5927103 -8.40124 7.1318316
  vertex 2.522426 -9.415737 7.1318316
 endloop
endfacet
facet normal 0 0 -1
 outer loop
  vertex 6.3343906 -5.1856813 6.9050584
  vertex 6.3343906 -8.093652 6.9050584
  vertex 4.4617276 -6.9140787 6.9050584
 endloop
endfacet
facet normal 0 0 -1
 outer loop
  vertex 6.3343906 -8.093652 6.9050584
  vertex 6.3343906 -8.793745 6.9050584
  vertex 3.5927103 -8.417125 6.9050584
 endloop
endfacet
facet normal -0.00015353765 0.001695375 0.99999857
 outer loop
  vertex 1.3441209 -9.969428 7.1318316
  vertex 0 -10.091718 7.1318326
  vertex 0 -12.683222 7.136226
 endloop
endfacet
facet normal -0.001715309 0.0010023344 0.999998
 outer loop
  vertex 6.3343906 -8.093652 7.136226
  vertex 4.4617276 -6.9140787 7.1318316
  vertex 3.5927103 -8.40124 7.1318316
 endloop
endfacet
facet normal 0 0 -1
 outer loop
  vertex 6.3343906 -8.793745 6.9050584
  vertex 6.3343906 -9.980441 6.9050584
  vertex 3.938007 -9.972429 6.9050584
 endloop
endfacet
facet normal -3.632577e-07 4.210001e-09 -1
 outer loop
  vertex 1.3441209 -9.969428 6.9050584
  vertex 3.938007 -12.683221 6.9050574
  vertex 0 -12.683222 6.905059
 endloop
endfacet
facet normal -0.0023461592 0 0.99999726
 outer loop
  vertex 6.3343906 -5.1856813 7.136225
  vertex 6.3343906 -4.3653717 7.136225
  vertex 4.4617276 -6.9140787 7.1318316
 endloop
endfacet
facet normal 0 0 -1
 outer loop
  vertex 6.3343906 -1.6300385 6.9050584
  vertex 6.3343906 -2.5135095 6.9050584
  vertex 4.892186 -0.89646053 6.9050584
 endloop
endfacet
facet normal -0 0 -1
 outer loop
  vertex 2.522426 -9.415737 6.9050584
  vertex 3.5927103 -8.417125 6.9050584
  vertex 3.938007 -9.972429 6.9050584
 endloop
endfacet
facet normal -0.0012412302 0.0025235459 0.999996
 outer loop
  vertex 6.3343906 -8.793745 7.136225
  vertex 3.5927103 -8.40124 7.1318316
  vertex 3.938007 -9.972429 7.136225
 endloop
endfacet
facet normal -4.1328846e-08 -1 -2.8766534e-08
 outer loop
  vertex 4.892186 -0.89646053 6.9050584
  vertex 4.892186 -0.8964605 4.833045
  vertex 6.3343906 -0.89646053 4.833045
 endloop
endfacet
facet normal -1 4.96468e-06 7.5494756e-11
 outer loop
  vertex 4.892187 -0.70441663 7.986669
  vertex 4.892187 -0.70433164 2.397154
  vertex 4.892186 -0.8964605 4.833045
 endloop
endfacet
facet normal -1.3480926e-06 3.2795185e-07 -1
 outer loop
  vertex 6.8750725 -8.093652 2.1659908
  vertex 6.8750725 -5.1856813 2.1659918
  vertex 8.495821 -0.70434237 2.165991
 endloop
endfacet
facet normal -1.3228773e-06 1.1625784e-06 1
 outer loop
  vertex 6.3343906 -5.1856813 2.397156
  vertex 6.8750725 -5.1856813 2.3971567
  vertex 6.8750725 -4.3653717 2.3971558
 endloop
endfacet
facet normal -0 -1.1625784e-06 -1
 outer loop
  vertex 6.3343906 -4.3653717 2.1659908
  vertex 6.8750725 -4.3653717 2.1659908
  vertex 6.8750725 -5.1856813 2.1659918
 endloop
endfacet
facet normal 4.4095913e-07 -0 1
 outer loop
  vertex 6.8750725 -1.6300385 2.3971558
  vertex 6.3343906 -1.6300385 2.397156
  vertex 6.3343906 -2.5135095 2.397156
 endloop
endfacet
facet normal 4.409591e-07 0 -1
 outer loop
  vertex 6.3343906 -8.093652 2.1659906
  vertex 6.8750725 -8.093652 2.1659908
  vertex 6.8750725 -8.793745 2.1659908
 endloop
endfacet
facet normal -1.4585514e-06 1.1625782e-06 1
 outer loop
  vertex 6.8750725 -5.1856813 2.3971567
  vertex 8.495821 -0.89646536 2.397154
  vertex 6.8750725 -4.3653717 2.3971558
 endloop
endfacet
facet normal 1.4710892e-07 0 -1
 outer loop
  vertex 6.8750725 -8.793745 2.1659908
  vertex 6.8750725 -8.093652 2.1659908
  vertex 8.495767 -12.683221 2.165991
 endloop
endfacet
facet normal 2.7731955e-06 -1.1625787e-06 -1
 outer loop
  vertex 6.8750725 -4.3653717 2.1659908
  vertex 8.495821 -0.70434237 2.165991
  vertex 6.8750725 -5.1856813 2.1659918
 endloop
endfacet
facet normal 4.4095913e-07 0 -1
 outer loop
  vertex 6.3343906 -1.6300385 2.1659906
  vertex 6.8750725 -1.6300385 2.1659908
  vertex 6.8750725 -2.5135095 2.1659908
 endloop
endfacet
facet normal -1.4710892e-07 0 1
 outer loop
  vertex 8.495767 -12.683221 2.397156
  vertex 6.8750725 -8.093652 2.3971558
  vertex 6.8750725 -8.793745 2.3971558
 endloop
endfacet
facet normal 1.4710399e-07 0 -1
 outer loop
  vertex 8.495821 -0.70434237 2.165991
  vertex 6.8750725 -4.3653717 2.1659908
  vertex 6.8750725 -2.5135095 2.1659908
 endloop
endfacet
facet normal -6.6637665e-05 0.0001495036 1
 outer loop
  vertex 6.8750725 -1.6300385 2.3971558
  vertex 8.495821 -0.89646536 2.397154
  vertex 6.8750725 -0.89646053 2.397046
 endloop
endfacet
facet normal 1.47104e-07 0 -1
 outer loop
  vertex 8.495821 -0.70434237 2.165991
  vertex 6.8750725 -1.6300385 2.1659908
  vertex 6.8750725 -0.7042656 2.1659908
 endloop
endfacet
facet normal 4.409591e-07 0 1
 outer loop
  vertex 6.8750725 -8.793745 2.3971558
  vertex 6.8750725 -8.093652 2.3971558
  vertex 6.3343906 -8.093652 2.397156
 endloop
endfacet
facet normal 2.4860492e-06 -3.2795185e-07 1
 outer loop
  vertex 8.495821 -0.89646536 2.397154
  vertex 6.8750725 -5.1856813 2.3971567
  vertex 6.8750725 -8.093652 2.3971558
 endloop
endfacet
facet normal 1.029728e-06 -0 1
 outer loop
  vertex 8.495821 -0.89646536 2.397154
  vertex 6.8750725 -1.6300385 2.3971558
  vertex 6.8750725 -2.5135095 2.3971558
 endloop
endfacet
facet normal 1.378059e-07 -1.2874531e-07 -1
 outer loop
  vertex 4.564417 -0.70432264 2.16599
  vertex 6.3343906 -2.5135095 2.1659906
  vertex 6.3343906 -4.3653717 2.1659908
 endloop
endfacet
facet normal -1.3225231e-06 0 1
 outer loop
  vertex 4.892186 -0.8964605 2.397154
  vertex 6.3343906 -2.5135095 2.397156
  vertex 6.3343906 -1.6300385 2.397156
 endloop
endfacet
facet normal -1.5031294e-07 1.915125e-07 1
 outer loop
  vertex 3.938007 -9.972429 2.397156
  vertex 3.3554294 -7.93983 2.3971555
  vertex 2.1844957 -8.858864 2.3971555
 endloop
endfacet
facet normal 3.570903e-07 1.6397594e-07 -1
 outer loop
  vertex 6.3343906 -5.1856813 2.165991
  vertex 6.3343906 -8.093652 2.1659906
  vertex 4.1944695 -6.341517 2.16599
 endloop
endfacet
facet normal 0 0 -1
 outer loop
  vertex 6.3343906 -8.093652 2.1659906
  vertex 6.3343906 -8.793745 2.1659906
  vertex 3.3554294 -7.93983 2.1659906
 endloop
endfacet
facet normal -4.4246838e-07 1.4801951e-07 1
 outer loop
  vertex 1.1304038 -9.304154 2.397156
  vertex 0 -9.461774 2.3971555
  vertex 0 -12.683222 2.397156
 endloop
endfacet
facet normal -1.5584388e-07 8.18108e-08 1
 outer loop
  vertex 6.3343906 -8.093652 2.397156
  vertex 4.1944695 -6.341517 2.3971555
  vertex 3.3554294 -7.93983 2.3971555
 endloop
endfacet
facet normal -1.4668766e-06 -1.2874531e-07 1
 outer loop
  vertex 6.3343906 -4.3653717 2.3971558
  vertex 6.3343906 -2.5135095 2.397156
  vertex 4.892186 -0.8964605 2.397154
 endloop
endfacet
facet normal -1.3430823e-09 -4.0181976e-07 -1
 outer loop
  vertex 6.3343906 -8.793745 2.1659906
  vertex 6.3343906 -9.980439 2.165991
  vertex 3.938007 -9.972429 2.165991
 endloop
endfacet
facet normal -3.6325773e-07 -1.9593932e-08 -1
 outer loop
  vertex 1.1304038 -9.304154 2.16599
  vertex 3.938007 -12.683221 2.1659892
  vertex 0 -12.683222 2.1659906
 endloop
endfacet
facet normal -3.7981516e-07 2.906446e-07 1
 outer loop
  vertex 6.3343906 -5.1856813 2.397156
  vertex 6.3343906 -4.3653717 2.3971558
  vertex 4.1944695 -6.341517 2.3971555
 endloop
endfacet
facet normal 2.6940353e-07 0 -1
 outer loop
  vertex 6.3343906 -1.6300385 2.1659906
  vertex 6.3343906 -2.5135095 2.1659906
  vertex 4.564417 -0.70432264 2.16599
 endloop
endfacet
facet normal 4.8275547e-07 -9.622878e-08 -1
 outer loop
  vertex 2.1844957 -8.858864 2.16599
  vertex 3.3554294 -7.93983 2.1659906
  vertex 3.938007 -9.972429 2.165991
 endloop
endfacet
facet normal -1.0113073e-07 2.0560894e-07 1
 outer loop
  vertex 6.3343906 -8.793745 2.397156
  vertex 3.3554294 -7.93983 2.3971555
  vertex 3.938007 -9.972429 2.397156
 endloop
endfacet
facet normal -1.7092805e-07 3.637506e-07 -1
 outer loop
  vertex 2.522426 -9.415737 4.6018796
  vertex 3.938007 -12.683221 4.601878
  vertex 1.3441209 -9.969428 4.6018796
 endloop
endfacet
facet normal 0 -0 1
 outer loop
  vertex 2.522426 -9.415737 4.833045
  vertex 1.3441209 -9.969428 4.833045
  vertex 3.938007 -12.683221 4.833045
 endloop
endfacet
facet normal -1.1395203e-07 2.425004e-07 -1
 outer loop
  vertex 2.522426 -9.415737 6.9050584
  vertex 3.938007 -12.683221 6.9050574
  vertex 1.3441209 -9.969428 6.9050584
 endloop
endfacet
facet normal -0.0005250905 0.0011174408 0.9999993
 outer loop
  vertex 2.522426 -9.415737 7.1318316
  vertex 1.3441209 -9.969428 7.1318316
  vertex 3.938007 -12.683221 7.136226
 endloop
endfacet
facet normal 3.3483977e-07 2.7821213e-07 1
 outer loop
  vertex 2.1844957 -8.858864 2.3971555
  vertex 1.1304038 -9.304154 2.397156
  vertex 3.938007 -12.683221 2.397156
 endloop
endfacet
facet normal -8.8249806e-08 2.0890496e-07 -1
 outer loop
  vertex 2.1844957 -8.858864 2.16599
  vertex 3.938007 -12.683221 2.1659892
  vertex 1.1304038 -9.304154 2.16599
 endloop
endfacet
facet normal -0.13810039 0.9904182 0
 outer loop
  vertex 1.1304038 -9.304154 2.16599
  vertex 0 -9.461774 2.1659906
  vertex 0 -9.461774 2.3971555
 endloop
endfacet
facet normal -4.5792392e-05 1 0
 outer loop
  vertex 6.3343906 -0.7042656 2.16599
  vertex 4.892187 -0.70433164 2.397154
  vertex 6.3343906 -0.7042656 2.397152
 endloop
endfacet
facet normal 4.364373e-06 -2.1663539e-11 1
 outer loop
  vertex 4.892186 -0.8964605 2.397154
  vertex 4.892187 -0.70433164 2.397154
  vertex 4.564417 -0.70432264 2.3971555
 endloop
endfacet
facet normal -6.860588e-06 -1 1.1564288e-05
 outer loop
  vertex 6.3343906 -0.89646053 7.986669
  vertex 4.892186 -0.89645064 7.986669
  vertex 4.892186 -0.8964605 7.136226
 endloop
endfacet
facet normal 1.8715924e-06 1.079463e-06 1
 outer loop
  vertex 4.892186 -0.8964605 7.136226
  vertex 6.3343906 -2.5135095 7.136225
  vertex 6.3343906 -1.6300385 7.1362243
 endloop
endfacet
facet normal 6.612615e-07 0 1
 outer loop
  vertex 6.3343906 -4.3653717 7.136225
  vertex 6.3343906 -2.5135095 7.136225
  vertex 4.892186 -0.8964605 7.136226
 endloop
endfacet
facet normal -1 4.966174e-06 -5.743027e-11
 outer loop
  vertex 4.892186 -0.8964605 7.136226
  vertex 4.892186 -0.89645064 7.986669
  vertex 4.892187 -0.70441663 7.986669
 endloop
endfacet
facet normal -4.1328843e-08 -1 -0
 outer loop
  vertex 6.3343906 -0.89646053 2.397154
  vertex 6.3343906 -0.89646053 4.6018796
  vertex 4.892186 -0.8964605 4.6018796
 endloop
endfacet
facet normal -3.0297826e-07 -1 5.1990014e-08
 outer loop
  vertex -7.6962023 9.511485 14.697334
  vertex -8.495804 9.511485 10.037557
  vertex -4.897177 9.511484 12.665588
 endloop
endfacet
facet normal 1.8705705e-07 4.5164714e-07 1
 outer loop
  vertex -8.30017e-07 -10.993908 11.209873
  vertex -0.014888966 -6.764647 11.209871
  vertex -0.88721955 -6.403357 11.209871
 endloop
endfacet
facet normal 1.384714e-07 -1.537358e-07 1
 outer loop
  vertex 1.2187325 -4.297405 11.209871
  vertex 6.8871574 0.8082037 11.209871
  vertex -6.8871574 0.8082042 11.209873
 endloop
endfacet
facet normal -0 1 0
 outer loop
  vertex 4.897177 -12.683222 12.665588
  vertex -4.897179 -12.683222 12.665588
  vertex -9.575566e-07 -12.683222 16.77692
 endloop
endfacet
facet normal 1.08770564e-07 1 -3.25006e-08
 outer loop
  vertex 7.696203 0.8082044 14.697334
  vertex 8.495804 0.8082042 10.037557
  vertex 4.897178 0.80820465 12.665588
 endloop
endfacet
facet normal -3.0297838e-07 -1 -5.1989904e-08
 outer loop
  vertex 7.696204 9.511483 14.697334
  vertex 4.897179 9.511484 12.665588
  vertex 8.495804 9.511483 10.037557
 endloop
endfacet
facet normal 7.574458e-08 1 -1.299749e-08
 outer loop
  vertex -4.897178 0.80820537 12.665588
  vertex -8.495804 0.8082056 10.037557
  vertex -7.696203 0.8082056 14.697334
 endloop
endfacet
facet normal 0 0 -1
 outer loop
  vertex -8.495804 -10.993907 10.037557
  vertex -9.575566e-07 -12.683222 10.037557
  vertex -8.495804 -12.68322 10.037557
 endloop
endfacet
facet normal -0 0 1
 outer loop
  vertex 6.8871574 -10.993909 11.209871
  vertex 6.8871574 0.8082037 11.209871
  vertex 1.2187325 -5.531124 11.209871
 endloop
endfacet
facet normal 7.0157604e-08 1 1.490485e-05
 outer loop
  vertex 8.495821 1.6723994 7.986671
  vertex -8.495821 1.6724006 7.986671
  vertex 1.2625907e-07 1.672352 11.209873
 endloop
endfacet
facet normal -1.3847138e-07 -1 6.714216e-21
 outer loop
  vertex 6.8871574 -10.993909 11.209871
  vertex -8.30017e-07 -10.993908 11.209873
  vertex -8.3001703e-07 -10.993908 10.037557
 endloop
endfacet
facet normal -7.717337e-08 -1 1.0456669e-06
 outer loop
  vertex 4.6867094 -0.89646536 8.959581
  vertex -8.495821 -0.89646536 7.986671
  vertex 8.495821 -0.8964667 7.986671
 endloop
endfacet
facet normal 1.5657032e-07 -1.6161077e-07 1
 outer loop
  vertex -1.2485101 -5.531124 11.209871
  vertex -6.8871574 0.8082042 11.209873
  vertex -6.8871574 -10.993908 11.209871
 endloop
endfacet
facet normal 0 0 1
 outer loop
  vertex -8.495804 -12.68322 10.037557
  vertex -9.575566e-07 -12.683222 10.037557
  vertex -8.3001703e-07 -10.993908 10.037557
 endloop
endfacet
facet normal -0.5904134 4.1734808e-08 -0.80710113
 outer loop
  vertex 6.8871574 -10.993909 11.209871
  vertex 4.897177 -12.683222 12.665588
  vertex 4.897178 0.80820465 12.665588
 endloop
endfacet
facet normal 0 -0.9675016 -0.25286502
 outer loop
  vertex 8.495804 14.342663 10.037557
  vertex 4.897179 13.655804 12.665588
  vertex -4.897177 13.655804 12.665588
 endloop
endfacet
facet normal 0 -1 -0
 outer loop
  vertex -8.495821 -0.89646536 7.986671
  vertex 4.6867094 -0.89646536 8.959581
  vertex -4.7164865 -0.89646536 8.959581
 endloop
endfacet
facet normal 0.5435454 -5.9559767e-08 -0.8393798
 outer loop
  vertex 6.101778e-08 0.808205 19.681057
  vertex -7.696203 0.8082056 14.697334
  vertex -7.6962023 9.511485 14.697334
 endloop
endfacet
facet normal -0.58895737 0 0.80816406
 outer loop
  vertex -6.8871574 1.6723995 11.209873
  vertex -8.495804 1.6723995 10.037557
  vertex -8.495804 0.8082056 10.037557
 endloop
endfacet
facet normal 0.0055708373 -0.99977195 0.020617204
 outer loop
  vertex 7.696204 9.511483 14.697334
  vertex 7.2261855e-07 9.571373 19.681057
  vertex 7.180971e-07 9.511484 16.77692
 endloop
endfacet
facet normal 0.58976287 0 -0.8075764
 outer loop
  vertex -8.495804 9.511485 10.037557
  vertex -8.495804 14.342663 10.037557
  vertex -4.897177 13.655804 12.665588
 endloop
endfacet
facet normal 0.58895737 0 -0.8081641
 outer loop
  vertex -8.495804 -10.993907 10.037557
  vertex -8.495804 0.8082056 10.037557
  vertex -6.8871574 0.8082042 11.209873
 endloop
endfacet
facet normal 0.9855947 -1.0799795e-07 -0.1691246
 outer loop
  vertex -8.495804 9.511485 10.037557
  vertex -7.6962023 9.511485 14.697334
  vertex -7.696203 0.8082056 14.697334
 endloop
endfacet
facet normal 0.5889567 0 -0.80816454
 outer loop
  vertex -8.495804 -12.68322 10.037557
  vertex -8.495804 -10.993907 10.037557
  vertex -6.8871574 -10.993908 11.209871
 endloop
endfacet
facet normal -0 0 -1
 outer loop
  vertex 3.3097517 -8.650354 8.959581
  vertex 4.6867094 -5.3260865 8.959581
  vertex 8.495822 -10.02731 8.959581
 endloop
endfacet
facet normal -0.5889567 0 -0.80816454
 outer loop
  vertex 6.8871574 -10.993909 11.209871
  vertex 8.495804 -10.993909 10.037557
  vertex 8.495804 -12.683223 10.037557
 endloop
endfacet
facet normal -1.8272696e-07 -1 2.1765368e-07
 outer loop
  vertex -7.6962023 9.511485 14.697334
  vertex -4.897177 9.511484 12.665588
  vertex 7.180971e-07 9.511484 16.77692
 endloop
endfacet
facet normal 0 0 1
 outer loop
  vertex -9.575566e-07 -12.683222 10.037557
  vertex 8.495804 -12.683223 10.037557
  vertex 8.495804 -10.993909 10.037557
 endloop
endfacet
facet normal 0.6429814 -4.54507e-08 -0.76588184
 outer loop
  vertex -9.575566e-07 -12.683222 16.77692
  vertex -4.897179 -12.683222 12.665588
  vertex -4.897178 0.80820537 12.665588
 endloop
endfacet
facet normal -6.906261e-06 1 -3.4838208e-06
 outer loop
  vertex 8.495821 1.6723994 7.986671
  vertex 1.2625907e-07 1.672352 11.209873
  vertex 6.8871574 1.6723995 11.209873
 endloop
endfacet
facet normal -0.6429814 0 -0.76588184
 outer loop
  vertex 7.180971e-07 9.511484 16.77692
  vertex 4.897179 13.655804 12.665588
  vertex 4.897179 9.511484 12.665588
 endloop
endfacet
facet normal -0.5897631 0 -0.8075763
 outer loop
  vertex 4.897179 13.655804 12.665588
  vertex 8.495804 14.342663 10.037557
  vertex 8.495804 9.511483 10.037557
 endloop
endfacet
facet normal 0 -0 -1
 outer loop
  vertex 4.6867094 -5.3260865 8.959581
  vertex 4.6867094 -0.89646536 8.959581
  vertex 8.495822 -0.89646465 8.959581
 endloop
endfacet
facet normal 0 0 1
 outer loop
  vertex -6.8871574 0.8082042 11.209873
  vertex 1.2625907e-07 1.672352 11.209873
  vertex -6.8871574 1.6723995 11.209873
 endloop
endfacet
facet normal 0 0 1
 outer loop
  vertex 6.8871574 0.8082037 11.209871
  vertex 1.2187325 -4.297405 11.209871
  vertex 1.2187325 -5.531124 11.209871
 endloop
endfacet
facet normal -0.22890499 0.55268854 -0.80133504
 outer loop
  vertex -0.014889249 -10.027309 8.959581
  vertex -0.014888966 -6.764647 11.209871
  vertex 0.85744166 -6.403357 11.209871
 endloop
endfacet
facet normal -0.5443258 -0 -0.8388739
 outer loop
  vertex 4.6867094 -5.3260865 8.959581
  vertex 1.2187325 -5.531124 11.209871
  vertex 1.2187325 -4.297405 11.209871
 endloop
endfacet
facet normal 0.6429814 0 -0.76588184
 outer loop
  vertex 7.180971e-07 9.511484 16.77692
  vertex -4.897177 9.511484 12.665588
  vertex -4.897177 13.655804 12.665588
 endloop
endfacet
facet normal 0 0 -1
 outer loop
  vertex 8.495822 -12.683221 8.959581
  vertex -0.014889249 -12.68322 8.959581
  vertex -0.014889249 -10.027309 8.959581
 endloop
endfacet
facet normal 0.5443259 0 -0.83887386
 outer loop
  vertex -4.7164865 -5.3260865 8.959581
  vertex -4.7164865 -0.89646536 8.959581
  vertex -1.2485101 -4.297405 11.209871
 endloop
endfacet
facet normal -0.5398129 0.2235979 -0.8115455
 outer loop
  vertex 3.3097517 -8.650354 8.959581
  vertex 0.85744166 -6.403357 11.209871
  vertex 1.2187325 -5.531124 11.209871
 endloop
endfacet
facet normal 7.744681e-08 1 -0
 outer loop
  vertex -7.696203 0.8082056 14.697334
  vertex 6.101778e-08 0.808205 19.681057
  vertex 6.101778e-08 0.808205 16.77692
 endloop
endfacet
facet normal -1.865124e-07 4.5033207e-07 1
 outer loop
  vertex 0.85744166 -6.403357 11.209871
  vertex -0.014888966 -6.764647 11.209871
  vertex -8.30017e-07 -10.993908 11.209873
 endloop
endfacet
facet normal 0 1 7.2577075e-07
 outer loop
  vertex -8.495804 -12.68322 10.037557
  vertex -4.897179 -12.683222 12.665588
  vertex 4.897177 -12.683222 12.665588
 endloop
endfacet
facet normal -0 0 -1
 outer loop
  vertex -8.495822 -10.027309 8.959581
  vertex -4.7164865 -5.3260865 8.959581
  vertex -3.3395298 -8.650354 8.959581
 endloop
endfacet
facet normal 0 0 -1
 outer loop
  vertex -8.495822 -0.89646333 8.959581
  vertex -4.7164865 -0.89646536 8.959581
  vertex -4.7164865 -5.3260865 8.959581
 endloop
endfacet
facet normal 3.382635e-07 0 1
 outer loop
  vertex -1.2485101 -5.531124 11.209871
  vertex -1.2485101 -4.297405 11.209871
  vertex -6.8871574 0.8082042 11.209873
 endloop
endfacet
facet normal 0.22890511 0.55268854 -0.801335
 outer loop
  vertex -0.014889249 -10.027309 8.959581
  vertex -3.3395298 -8.650354 8.959581
  vertex -0.88721955 -6.403357 11.209871
 endloop
endfacet
facet normal -0.5435454 4.1036536e-08 -0.8393797
 outer loop
  vertex 6.101778e-08 0.808205 19.681057
  vertex 7.2261855e-07 9.571373 19.681057
  vertex 7.696204 9.511483 14.697334
 endloop
endfacet
facet normal 6.906261e-06 1 -3.1139734e-06
 outer loop
  vertex -6.8871574 1.6723995 11.209873
  vertex 1.2625907e-07 1.672352 11.209873
  vertex -8.495821 1.6724006 7.986671
 endloop
endfacet
facet normal 0 -1 -0
 outer loop
  vertex -8.3001703e-07 -10.993908 10.037557
  vertex -8.30017e-07 -10.993908 11.209873
  vertex -6.8871574 -10.993908 11.209871
 endloop
endfacet
facet normal 7.954438e-08 1 7.762718e-09
 outer loop
  vertex 7.696203 0.8082044 14.697334
  vertex 4.897178 0.80820465 12.665588
  vertex 6.101778e-08 0.808205 16.77692
 endloop
endfacet
facet normal 0 0 -1
 outer loop
  vertex -0.014889249 -12.68322 8.959581
  vertex -8.495822 -12.68322 8.959581
  vertex -8.495822 -10.027309 8.959581
 endloop
endfacet
facet normal -0.5889567 -0 -0.80816454
 outer loop
  vertex 8.495804 -10.993909 10.037557
  vertex 6.8871574 -10.993909 11.209871
  vertex 6.8871574 0.8082037 11.209871
 endloop
endfacet
facet normal -0.6429814 4.8543747e-08 -0.76588184
 outer loop
  vertex -9.575566e-07 -12.683222 16.77692
  vertex 6.101778e-08 0.808205 16.77692
  vertex 4.897178 0.80820465 12.665588
 endloop
endfacet
facet normal 0.5398129 0.22359781 -0.8115455
 outer loop
  vertex -3.3395298 -8.650354 8.959581
  vertex -4.7164865 -5.3260865 8.959581
  vertex -1.2485101 -5.531124 11.209871
 endloop
endfacet
facet normal -0 -0.55181026 -0.83396965
 outer loop
  vertex -4.7164865 -0.89646536 8.959581
  vertex 4.6867094 -0.89646536 8.959581
  vertex 1.2187325 -4.297405 11.209871
 endloop
endfacet
facet normal 1.3847136e-07 -1.1036007e-06 1
 outer loop
  vertex 1.2625907e-07 1.672352 11.209873
  vertex -6.8871574 0.8082042 11.209873
  vertex 6.8871574 0.8082037 11.209871
 endloop
endfacet
facet normal 0.59041363 -4.1734822e-08 -0.80710083
 outer loop
  vertex -4.897178 0.80820537 12.665588
  vertex -4.897179 -12.683222 12.665588
  vertex -6.8871574 -10.993908 11.209871
 endloop
endfacet
facet normal 0.5889567 0 0.80816454
 outer loop
  vertex 6.8871574 0.8082037 11.209871
  vertex 8.495804 0.8082042 10.037557
  vertex 8.495804 1.6723995 10.037557
 endloop
endfacet
facet normal -0.9855947 0 -0.1691244
 outer loop
  vertex 8.495804 9.511483 10.037557
  vertex 8.495804 0.8082042 10.037557
  vertex 7.696203 0.8082044 14.697334
 endloop
endfacet
facet normal 0 0 -1
 outer loop
  vertex 8.495821 1.6723994 7.986671
  vertex 8.495821 -0.8964667 7.986671
  vertex -8.495821 -0.89646536 7.986671
 endloop
endfacet
facet normal 0 0 1
 outer loop
  vertex -3.610899 -8.427835 7.810366
  vertex -3.5660858 -8.390297 7.810366
  vertex -4.4294252 -6.8937316 7.810366
 endloop
endfacet
facet normal -0.42527664 -0.9050635 0
 outer loop
  vertex -2.5316248 -9.407192 7.810366
  vertex -2.5316248 -9.407192 6.698626
  vertex -1.3145506 -9.979078 6.698626
 endloop
endfacet
facet normal 0.99713486 0.075644985 -0
 outer loop
  vertex -4.553133 -5.3657813 7.810366
  vertex -4.553133 -5.3657813 6.698626
  vertex -4.892186 -0.89646053 6.698626
 endloop
endfacet
facet normal 0.8662016 0.4996948 0
 outer loop
  vertex -3.5660858 -8.390297 6.698626
  vertex -4.4294252 -6.8937316 6.698626
  vertex -4.4294252 -6.8937316 7.810366
 endloop
endfacet
facet normal -0.6719957 -0.74055505 0
 outer loop
  vertex -2.5316248 -9.407192 7.810366
  vertex -3.610899 -8.427835 7.810366
  vertex -3.610899 -8.427835 6.698626
 endloop
endfacet
facet normal -0.8663772 -0.4993902 -0
 outer loop
  vertex -3.610899 -8.427835 6.698626
  vertex -3.610899 -8.427835 7.810366
  vertex -4.4853315 -6.9108086 7.810366
 endloop
endfacet
facet normal 0.095301025 0.9954485 -0
 outer loop
  vertex -1.2993777 -9.922617 7.810366
  vertex 0 -10.047015 7.810368
  vertex 0 -10.047015 6.698626
 endloop
endfacet
facet normal -0.99666774 -0.081568204 0
 outer loop
  vertex -4.6112857 -5.3717966 7.810366
  vertex -4.6112857 -5.3717966 6.698626
  vertex -4.4853315 -6.9108086 6.698626
 endloop
endfacet
facet normal 0.9967385 0.08069916 0
 outer loop
  vertex -4.553133 -5.3657813 6.698626
  vertex -4.553133 -5.3657813 7.810366
  vertex -4.4294252 -6.8937316 7.810366
 endloop
endfacet
facet normal 0.6719504 0.7405962 0
 outer loop
  vertex -2.4980078 -9.359375 6.698626
  vertex -3.5660858 -8.390297 6.698626
  vertex -3.5660858 -8.390297 7.810366
 endloop
endfacet
facet normal -0.021428226 0.99977034 -2.1354747e-07
 outer loop
  vertex -4.9506 -0.8977127 6.698626
  vertex -4.9506 -0.89771247 7.814836
  vertex -4.892186 -0.8964605 7.814836
 endloop
endfacet
facet normal -0.095625065 -0.99541736 -0
 outer loop
  vertex 0 -10.105361 6.698626
  vertex 0 -10.105361 7.810368
  vertex -1.3145506 -9.979078 7.810366
 endloop
endfacet
facet normal -0.99713653 -0.07562282 1.6152772e-08
 outer loop
  vertex -4.6112857 -5.3717966 7.810366
  vertex -4.9506 -0.89771247 7.814836
  vertex -4.9506 -0.8977127 6.698626
 endloop
endfacet
facet normal 0.42529052 0.9050569 0
 outer loop
  vertex -2.4980078 -9.359375 6.698626
  vertex -2.4980078 -9.359375 7.810366
  vertex -1.2993777 -9.922617 7.810366
 endloop
endfacet
facet normal 0.00010264701 -0.0009923358 0.9999995
 outer loop
  vertex -4.6112857 -5.3717966 7.810366
  vertex -4.553133 -5.3657813 7.810366
  vertex -4.892186 -0.8964605 7.814836
 endloop
endfacet
facet normal -1.4678939e-06 0 1
 outer loop
  vertex 0 -10.105361 7.810368
  vertex 0 -10.047015 7.810368
  vertex -1.2993777 -9.922617 7.810366
 endloop
endfacet
facet normal 0 0 1
 outer loop
  vertex -2.5316248 -9.407192 7.810366
  vertex -1.3145506 -9.979078 7.810366
  vertex -1.2993777 -9.922617 7.810366
 endloop
endfacet
facet normal 0 -0 1
 outer loop
  vertex -3.5660858 -8.390297 7.810366
  vertex -3.610899 -8.427835 7.810366
  vertex -2.5316248 -9.407192 7.810366
 endloop
endfacet
facet normal 0 0 1
 outer loop
  vertex -4.6112857 -5.3717966 7.810366
  vertex -4.4853315 -6.9108086 7.810366
  vertex -4.4294252 -6.8937316 7.810366
 endloop
endfacet
facet normal 0 0 1
 outer loop
  vertex -3.610899 -8.427835 5.5116544
  vertex -3.5660858 -8.390297 5.5116544
  vertex -4.4294252 -6.8937316 5.5116544
 endloop
endfacet
facet normal -0.4252766 -0.9050634 0
 outer loop
  vertex -2.5316248 -9.407192 5.5116544
  vertex -2.5316248 -9.407192 4.399915
  vertex -1.3145506 -9.979078 4.399915
 endloop
endfacet
facet normal 0.99713475 0.07564498 -0
 outer loop
  vertex -4.553133 -5.3657813 5.5116544
  vertex -4.553133 -5.3657813 4.399915
  vertex -4.892186 -0.89646053 4.399915
 endloop
endfacet
facet normal 0.8662015 0.49969476 0
 outer loop
  vertex -3.5660858 -8.390297 4.399915
  vertex -4.4294252 -6.8937316 4.399915
  vertex -4.4294252 -6.8937316 5.5116544
 endloop
endfacet
facet normal -0.67199564 -0.74055505 0
 outer loop
  vertex -2.5316248 -9.407192 5.5116544
  vertex -3.610899 -8.427835 5.5116544
  vertex -3.610899 -8.427835 4.399915
 endloop
endfacet
facet normal -0.8663772 -0.4993902 -0
 outer loop
  vertex -3.610899 -8.427835 4.399915
  vertex -3.610899 -8.427835 5.5116544
  vertex -4.4853315 -6.9108086 5.5116544
 endloop
endfacet
facet normal 0.09530103 0.9954485 -0
 outer loop
  vertex -1.2993777 -9.922617 5.5116544
  vertex 0 -10.047015 5.5116563
  vertex 0 -10.047015 4.399915
 endloop
endfacet
facet normal -0.9966678 -0.0815679 -4.274818e-07
 outer loop
  vertex -4.6112857 -5.3717966 5.5116544
  vertex -4.611285 -5.3717966 4.399915
  vertex -4.4853315 -6.9108086 4.399915
 endloop
endfacet
facet normal 0.9967385 0.08069915 0
 outer loop
  vertex -4.553133 -5.3657813 4.399915
  vertex -4.553133 -5.3657813 5.5116544
  vertex -4.4294252 -6.8937316 5.5116544
 endloop
endfacet
facet normal 0.6719504 0.7405961 0
 outer loop
  vertex -2.4980078 -9.359375 4.399915
  vertex -3.5660858 -8.390297 4.399915
  vertex -3.5660858 -8.390297 5.5116544
 endloop
endfacet
facet normal -0.021428227 0.99977034 -5.3386916e-08
 outer loop
  vertex -4.9506 -0.89771247 5.5161242
  vertex -4.892186 -0.8964605 5.5161242
  vertex -4.892186 -0.89646053 4.399915
 endloop
endfacet
facet normal -0.09562507 -0.9954175 -0
 outer loop
  vertex 0 -10.105361 4.399915
  vertex 0 -10.105361 5.5116563
  vertex -1.3145506 -9.979078 5.5116544
 endloop
endfacet
facet normal -0.99713653 -0.07562282 -4.0981737e-07
 outer loop
  vertex -4.6112857 -5.3717966 5.5116544
  vertex -4.9506 -0.89771247 5.5161242
  vertex -4.9505997 -0.8977127 4.399915
 endloop
endfacet
facet normal 0.4252905 0.90505683 0
 outer loop
  vertex -2.4980078 -9.359375 4.399915
  vertex -2.4980078 -9.359375 5.5116544
  vertex -1.2993777 -9.922617 5.5116544
 endloop
endfacet
facet normal 0.00010264701 -0.0009923358 0.9999995
 outer loop
  vertex -4.6112857 -5.3717966 5.5116544
  vertex -4.553133 -5.3657813 5.5116544
  vertex -4.892186 -0.8964605 5.5161242
 endloop
endfacet
facet normal -1.4678939e-06 0 1
 outer loop
  vertex 0 -10.105361 5.5116563
  vertex 0 -10.047015 5.5116563
  vertex -1.2993777 -9.922617 5.5116544
 endloop
endfacet
facet normal 0 0 1
 outer loop
  vertex -2.5316248 -9.407192 5.5116544
  vertex -1.3145506 -9.979078 5.5116544
  vertex -1.2993777 -9.922617 5.5116544
 endloop
endfacet
facet normal 0 -0 1
 outer loop
  vertex -3.5660858 -8.390297 5.5116544
  vertex -3.610899 -8.427835 5.5116544
  vertex -2.5316248 -9.407192 5.5116544
 endloop
endfacet
facet normal 0 0 1
 outer loop
  vertex -4.6112857 -5.3717966 5.5116544
  vertex -4.4853315 -6.9108086 5.5116544
  vertex -4.4294252 -6.8937316 5.5116544
 endloop
endfacet
facet normal 0 0 1
 outer loop
  vertex -4.230157 -6.3434863 3.0415306
  vertex -3.3932452 -7.9589486 3.0415306
  vertex -3.3506927 -7.9233036 3.0415306
 endloop
endfacet
facet normal -0.38972777 -0.92093015 0
 outer loop
  vertex -2.2021596 -8.873174 3.0415306
  vertex -2.2021596 -8.873174 2.3971546
  vertex -1.1219834 -9.330293 2.3971546
 endloop
endfacet
facet normal 0.99763566 0.06872383 -0
 outer loop
  vertex -4.564417 -0.70432264 3.041531
  vertex -4.1770706 -6.3272705 3.0415306
  vertex -4.1770706 -6.3272705 2.3971546
 endloop
endfacet
facet normal 0.888026 0.45979315 0
 outer loop
  vertex -3.3506927 -7.9233036 2.3971546
  vertex -4.1770706 -6.3272705 2.3971546
  vertex -4.1770706 -6.3272705 3.0415306
 endloop
endfacet
facet normal -0.6088759 -0.7932655 0
 outer loop
  vertex -2.2021596 -8.873174 3.0415306
  vertex -3.3932452 -7.9589486 3.0415306
  vertex -3.3932452 -7.9589486 2.3971546
 endloop
endfacet
facet normal -0.8879197 -0.45999858 -0
 outer loop
  vertex -3.3932452 -7.9589486 2.3971546
  vertex -3.3932452 -7.9589486 3.0415306
  vertex -4.230157 -6.3434863 3.0415306
 endloop
endfacet
facet normal 0.14201349 0.9898647 -0
 outer loop
  vertex -1.1075758 -9.27668 3.0415306
  vertex 0 -9.435581 3.0415325
  vertex 0 -9.435581 2.3971555
 endloop
endfacet
facet normal 0.6081985 0.7937849 0
 outer loop
  vertex -2.1702385 -8.827768 2.3971546
  vertex -3.3506927 -7.9233036 2.3971546
  vertex -3.3506927 -7.9233036 3.0415306
 endloop
endfacet
facet normal -0.021427859 0.99977046 0
 outer loop
  vertex -4.619884 -0.70551145 2.3971555
  vertex -4.619884 -0.70551145 3.041531
  vertex -4.564417 -0.70432264 3.041531
 endloop
endfacet
facet normal -0.14177404 -0.98989904 -0
 outer loop
  vertex 0 -9.490984 2.3971555
  vertex 0 -9.490984 3.0415325
  vertex -1.1219834 -9.330293 3.0415306
 endloop
endfacet
facet normal -0.9976194 -0.068960816 -0
 outer loop
  vertex -4.230157 -6.3434863 2.3971546
  vertex -4.230157 -6.3434863 3.0415306
  vertex -4.619884 -0.70551145 3.041531
 endloop
endfacet
facet normal 0.38914263 0.9211775 0
 outer loop
  vertex -2.1702385 -8.827768 2.3971546
  vertex -2.1702385 -8.827768 3.0415306
  vertex -1.1075758 -9.27668 3.0415306
 endloop
endfacet
facet normal 1.8148628e-09 -8.467698e-08 1
 outer loop
  vertex -4.1770706 -6.3272705 3.0415306
  vertex -4.564417 -0.70432264 3.041531
  vertex -4.619884 -0.70551145 3.041531
 endloop
endfacet
facet normal -1.6999794e-06 0 1
 outer loop
  vertex -1.1219834 -9.330293 3.0415306
  vertex 0 -9.490984 3.0415325
  vertex 0 -9.435581 3.0415325
 endloop
endfacet
facet normal 0 0 1
 outer loop
  vertex -1.1219834 -9.330293 3.0415306
  vertex -1.1075758 -9.27668 3.0415306
  vertex -2.1702385 -8.827768 3.0415306
 endloop
endfacet
facet normal 0 -0 1
 outer loop
  vertex -3.3506927 -7.9233036 3.0415306
  vertex -3.3932452 -7.9589486 3.0415306
  vertex -2.2021596 -8.873174 3.0415306
 endloop
endfacet
facet normal 0 0 1
 outer loop
  vertex 3.610899 -8.427835 7.810366
  vertex 4.4853315 -6.9108086 7.810366
  vertex 4.4294252 -6.8937316 7.810366
 endloop
endfacet
facet normal 0.42527664 -0.9050635 0
 outer loop
  vertex 1.3145506 -9.979078 6.698626
  vertex 2.5316248 -9.407192 6.698626
  vertex 2.5316248 -9.407192 7.810366
 endloop
endfacet
facet normal -0.9971348 0.075644985 -4.0393764e-09
 outer loop
  vertex 4.553133 -5.3657813 7.810366
  vertex 4.892186 -0.8964605 7.814836
  vertex 4.892186 -0.89646053 6.698626
 endloop
endfacet
facet normal -0.8662016 0.4996948 0
 outer loop
  vertex 4.4294252 -6.8937316 7.810366
  vertex 4.4294252 -6.8937316 6.698626
  vertex 3.5660858 -8.390297 6.698626
 endloop
endfacet
facet normal 0.6719957 -0.74055505 0
 outer loop
  vertex 3.610899 -8.427835 6.698626
  vertex 3.610899 -8.427835 7.810366
  vertex 2.5316248 -9.407192 7.810366
 endloop
endfacet
facet normal 0.8663772 -0.4993902 0
 outer loop
  vertex 4.4853315 -6.9108086 7.810366
  vertex 3.610899 -8.427835 7.810366
  vertex 3.610899 -8.427835 6.698626
 endloop
endfacet
facet normal -0.095301025 0.9954485 0
 outer loop
  vertex 0 -10.047015 6.698626
  vertex 0 -10.047015 7.810368
  vertex 1.2993777 -9.922617 7.810366
 endloop
endfacet
facet normal 0.99666774 -0.081568204 0
 outer loop
  vertex 4.4853315 -6.9108086 6.698626
  vertex 4.6112857 -5.3717966 6.698626
  vertex 4.6112857 -5.3717966 7.810366
 endloop
endfacet
facet normal -0.9967385 0.08069916 0
 outer loop
  vertex 4.4294252 -6.8937316 7.810366
  vertex 4.553133 -5.3657813 7.810366
  vertex 4.553133 -5.3657813 6.698626
 endloop
endfacet
facet normal -0.6719504 0.7405962 0
 outer loop
  vertex 3.5660858 -8.390297 7.810366
  vertex 3.5660858 -8.390297 6.698626
  vertex 2.4980078 -9.359375 6.698626
 endloop
endfacet
facet normal 0.021428226 0.99977034 -2.1354747e-07
 outer loop
  vertex 4.892186 -0.8964605 7.814836
  vertex 4.9506 -0.89771247 7.814836
  vertex 4.9506 -0.8977127 6.698626
 endloop
endfacet
facet normal 0.09562507 -0.9954175 0
 outer loop
  vertex 0 -10.105361 6.698626
  vertex 1.3145506 -9.979078 6.698626
  vertex 1.3145506 -9.979078 7.810366
 endloop
endfacet
facet normal 0.9971365 -0.07562281 0
 outer loop
  vertex 4.6112857 -5.3717966 7.810366
  vertex 4.6112857 -5.3717966 6.698626
  vertex 4.9506 -0.8977127 6.698626
 endloop
endfacet
facet normal -0.42529052 0.9050569 0
 outer loop
  vertex 1.2993777 -9.922617 7.810366
  vertex 2.4980078 -9.359375 7.810366
  vertex 2.4980078 -9.359375 6.698626
 endloop
endfacet
facet normal -0.00010264701 -0.0009923358 0.9999995
 outer loop
  vertex 4.892186 -0.8964605 7.814836
  vertex 4.553133 -5.3657813 7.810366
  vertex 4.6112857 -5.3717966 7.810366
 endloop
endfacet
facet normal 1.4144363e-06 3.8010407e-07 1
 outer loop
  vertex 0 -10.105361 7.810368
  vertex 1.3145506 -9.979078 7.810366
  vertex 1.2993777 -9.922617 7.810366
 endloop
endfacet
facet normal 0 0 1
 outer loop
  vertex 1.2993777 -9.922617 7.810366
  vertex 1.3145506 -9.979078 7.810366
  vertex 2.5316248 -9.407192 7.810366
 endloop
endfacet
facet normal 0 0 1
 outer loop
  vertex 2.5316248 -9.407192 7.810366
  vertex 3.610899 -8.427835 7.810366
  vertex 3.5660858 -8.390297 7.810366
 endloop
endfacet
facet normal -0 0 1
 outer loop
  vertex 4.6112857 -5.3717966 7.810366
  vertex 4.553133 -5.3657813 7.810366
  vertex 4.4294252 -6.8937316 7.810366
 endloop
endfacet
facet normal 0 0 1
 outer loop
  vertex 3.610899 -8.427835 5.5116544
  vertex 4.4853315 -6.9108086 5.5116544
  vertex 4.4294252 -6.8937316 5.5116544
 endloop
endfacet
facet normal 0.4252766 -0.9050634 0
 outer loop
  vertex 1.3145506 -9.979078 4.399915
  vertex 2.5316248 -9.407192 4.399915
  vertex 2.5316248 -9.407192 5.5116544
 endloop
endfacet
facet normal -0.9971348 0.075644985 -4.03938e-09
 outer loop
  vertex 4.553133 -5.3657813 5.5116544
  vertex 4.892186 -0.8964605 5.5161242
  vertex 4.892186 -0.89646053 4.399915
 endloop
endfacet
facet normal -0.8662015 0.49969476 0
 outer loop
  vertex 4.4294252 -6.8937316 5.5116544
  vertex 4.4294252 -6.8937316 4.399915
  vertex 3.5660858 -8.390297 4.399915
 endloop
endfacet
facet normal 0.67199564 -0.74055505 0
 outer loop
  vertex 3.610899 -8.427835 4.399915
  vertex 3.610899 -8.427835 5.5116544
  vertex 2.5316248 -9.407192 5.5116544
 endloop
endfacet
facet normal 0.8663772 -0.4993902 0
 outer loop
  vertex 4.4853315 -6.9108086 5.5116544
  vertex 3.610899 -8.427835 5.5116544
  vertex 3.610899 -8.427835 4.399915
 endloop
endfacet
facet normal -0.09530103 0.9954485 0
 outer loop
  vertex 0 -10.047015 4.399915
  vertex 0 -10.047015 5.5116563
  vertex 1.2993777 -9.922617 5.5116544
 endloop
endfacet
facet normal 0.9966678 -0.0815679 -4.274818e-07
 outer loop
  vertex 4.4853315 -6.9108086 4.399915
  vertex 4.611285 -5.3717966 4.399915
  vertex 4.6112857 -5.3717966 5.5116544
 endloop
endfacet
facet normal -0.9967385 0.08069915 0
 outer loop
  vertex 4.4294252 -6.8937316 5.5116544
  vertex 4.553133 -5.3657813 5.5116544
  vertex 4.553133 -5.3657813 4.399915
 endloop
endfacet
facet normal -0.6719504 0.7405961 0
 outer loop
  vertex 3.5660858 -8.390297 5.5116544
  vertex 3.5660858 -8.390297 4.399915
  vertex 2.4980078 -9.359375 4.399915
 endloop
endfacet
facet normal 0.021428227 0.99977034 -2.2270166e-07
 outer loop
  vertex 4.892186 -0.8964605 5.5161242
  vertex 4.9506 -0.89771247 5.5161242
  vertex 4.9505997 -0.8977127 4.399915
 endloop
endfacet
facet normal 0.09562507 -0.9954175 0
 outer loop
  vertex 0 -10.105361 4.399915
  vertex 1.3145506 -9.979078 4.399915
  vertex 1.3145506 -9.979078 5.5116544
 endloop
endfacet
facet normal 0.9971365 -0.07562282 -4.276828e-07
 outer loop
  vertex 4.6112857 -5.3717966 5.5116544
  vertex 4.611285 -5.3717966 4.399915
  vertex 4.9505997 -0.8977127 4.399915
 endloop
endfacet
facet normal -0.4252905 0.90505683 0
 outer loop
  vertex 1.2993777 -9.922617 5.5116544
  vertex 2.4980078 -9.359375 5.5116544
  vertex 2.4980078 -9.359375 4.399915
 endloop
endfacet
facet normal -0.00010264701 -0.0009923358 0.9999995
 outer loop
  vertex 4.892186 -0.8964605 5.5161242
  vertex 4.553133 -5.3657813 5.5116544
  vertex 4.6112857 -5.3717966 5.5116544
 endloop
endfacet
facet normal 1.4144363e-06 3.8010407e-07 1
 outer loop
  vertex 0 -10.105361 5.5116563
  vertex 1.3145506 -9.979078 5.5116544
  vertex 1.2993777 -9.922617 5.5116544
 endloop
endfacet
facet normal 0 0 1
 outer loop
  vertex 1.2993777 -9.922617 5.5116544
  vertex 1.3145506 -9.979078 5.5116544
  vertex 2.5316248 -9.407192 5.5116544
 endloop
endfacet
facet normal 0 0 1
 outer loop
  vertex 2.5316248 -9.407192 5.5116544
  vertex 3.610899 -8.427835 5.5116544
  vertex 3.5660858 -8.390297 5.5116544
 endloop
endfacet
facet normal -0 0 1
 outer loop
  vertex 4.6112857 -5.3717966 5.5116544
  vertex 4.553133 -5.3657813 5.5116544
  vertex 4.4294252 -6.8937316 5.5116544
 endloop
endfacet
facet normal 0 0 1
 outer loop
  vertex 3.3506927 -7.9233036 3.0415306
  vertex 3.3932452 -7.9589486 3.0415306
  vertex 4.230157 -6.3434863 3.0415306
 endloop
endfacet
facet normal 0.38972777 -0.92093015 0
 outer loop
  vertex 1.1219834 -9.330293 2.3971546
  vertex 2.2021596 -8.873174 2.3971546
  vertex 2.2021596 -8.873174 3.0415306
 endloop
endfacet
facet normal -0.99763566 0.06872383 0
 outer loop
  vertex 4.1770706 -6.3272705 2.3971546
  vertex 4.1770706 -6.3272705 3.0415306
  vertex 4.564417 -0.70432264 3.041531
 endloop
endfacet
facet normal -0.888026 0.45979315 0
 outer loop
  vertex 4.1770706 -6.3272705 3.0415306
  vertex 4.1770706 -6.3272705 2.3971546
  vertex 3.3506927 -7.9233036 2.3971546
 endloop
endfacet
facet normal 0.6088759 -0.7932655 0
 outer loop
  vertex 3.3932452 -7.9589486 2.3971546
  vertex 3.3932452 -7.9589486 3.0415306
  vertex 2.2021596 -8.873174 3.0415306
 endloop
endfacet
facet normal 0.8879197 -0.45999858 0
 outer loop
  vertex 4.230157 -6.3434863 3.0415306
  vertex 3.3932452 -7.9589486 3.0415306
  vertex 3.3932452 -7.9589486 2.3971546
 endloop
endfacet
facet normal -0.14201349 0.9898647 0
 outer loop
  vertex 0 -9.435581 2.3971555
  vertex 0 -9.435581 3.0415325
  vertex 1.1075758 -9.27668 3.0415306
 endloop
endfacet
facet normal -0.6081985 0.7937849 0
 outer loop
  vertex 3.3506927 -7.9233036 3.0415306
  vertex 3.3506927 -7.9233036 2.3971546
  vertex 2.1702385 -8.827768 2.3971546
 endloop
endfacet
facet normal 0.021427859 0.99977046 -0
 outer loop
  vertex 4.564417 -0.70432264 3.041531
  vertex 4.619884 -0.70551145 3.041531
  vertex 4.619884 -0.70551145 2.3971555
 endloop
endfacet
facet normal 0.14177403 -0.989899 0
 outer loop
  vertex 0 -9.490984 2.3971555
  vertex 1.1219834 -9.330293 2.3971546
  vertex 1.1219834 -9.330293 3.0415306
 endloop
endfacet
facet normal 0.9976194 -0.068960816 0
 outer loop
  vertex 4.619884 -0.70551145 3.041531
  vertex 4.230157 -6.3434863 3.0415306
  vertex 4.230157 -6.3434863 2.3971546
 endloop
endfacet
facet normal -0.38914263 0.9211775 0
 outer loop
  vertex 1.1075758 -9.27668 3.0415306
  vertex 2.1702385 -8.827768 3.0415306
  vertex 2.1702385 -8.827768 2.3971546
 endloop
endfacet
facet normal -2.5300457e-08 -8.2827064e-08 1
 outer loop
  vertex 4.1770706 -6.3272705 3.0415306
  vertex 4.230157 -6.3434863 3.0415306
  vertex 4.619884 -0.70551145 3.041531
 endloop
endfacet
facet normal 1.6999794e-06 -0 1
 outer loop
  vertex 0 -9.435581 3.0415325
  vertex 0 -9.490984 3.0415325
  vertex 1.1219834 -9.330293 3.0415306
 endloop
endfacet
facet normal 0 0 1
 outer loop
  vertex 1.1219834 -9.330293 3.0415306
  vertex 2.2021596 -8.873174 3.0415306
  vertex 2.1702385 -8.827768 3.0415306
 endloop
endfacet
facet normal 0 0 1
 outer loop
  vertex 2.2021596 -8.873174 3.0415306
  vertex 3.3932452 -7.9589486 3.0415306
  vertex 3.3506927 -7.9233036 3.0415306
 endloop
endfacet
facet normal 0 -0 1
 outer loop
  vertex -6.576941 2.4395576 5.6610613
  vertex -6.577292 2.3992345 5.6610613
  vertex -3.2617507 2.3992343 5.6610613
 endloop
endfacet
facet normal 0 -0 1
 outer loop
  vertex -6.574581 2.7298505 5.6610613
  vertex -6.574865 2.6895266 5.6610613
  vertex -3.2002518 2.6895263 5.6610613
 endloop
endfacet
facet normal 0 0 -1
 outer loop
  vertex 6.5586267 7.5436163 1.443854
  vertex 6.5588737 7.5032926 1.443854
  vertex 2.6399884 7.503293 1.443854
 endloop
endfacet
facet normal 0 -0 1
 outer loop
  vertex -6.5670476 3.9332924 5.6610613
  vertex -6.5672865 3.8929684 5.6610613
  vertex -3.0565197 3.8929682 5.6610613
 endloop
endfacet
facet normal 0 -0 1
 outer loop
  vertex -6.5615873 4.8464413 5.6610613
  vertex -6.5618315 4.8061185 5.6610613
  vertex -2.9767334 4.806118 5.6610613
 endloop
endfacet
facet normal 0 0 1
 outer loop
  vertex 2.9263544 5.09641 5.6610613
  vertex 6.5736637 5.0964093 5.6610613
  vertex 6.5734177 5.1367326 5.6610613
 endloop
endfacet
facet normal 0 -0 1
 outer loop
  vertex -6.530618 9.950502 5.6610613
  vertex -6.530871 9.910178 5.6610613
  vertex -2.3407152 9.910177 5.6610613
 endloop
endfacet
facet normal 0 0 -1
 outer loop
  vertex 6.5660286 6.3401747 1.443854
  vertex 6.5662766 6.2998505 1.443854
  vertex 2.7830296 6.299851 1.443854
 endloop
endfacet
facet normal 0 -0 1
 outer loop
  vertex -6.5542297 6.0498834 5.6610613
  vertex -6.5544777 6.0095596 5.6610613
  vertex -2.8342614 6.009559 5.6610613
 endloop
endfacet
facet normal 0 0 1
 outer loop
  vertex 2.6399894 7.503294 5.6610613
  vertex 6.5588746 7.5032935 5.6610613
  vertex 6.5586267 7.5436153 5.6610613
 endloop
endfacet
facet normal 0 0 1
 outer loop
  vertex 2.7057126 7.213001 5.6610613
  vertex 6.5606494 7.2130003 5.6610613
  vertex 6.5604033 7.2533245 5.6610613
 endloop
endfacet
facet normal 0 -0 1
 outer loop
  vertex -6.5377984 8.74706 5.6610613
  vertex -6.5380373 8.706736 5.6610613
  vertex -2.4834723 8.706735 5.6610613
 endloop
endfacet
facet normal 0 0 -1
 outer loop
  vertex 6.545991 9.660208 1.443854
  vertex 6.5462317 9.619883 1.443854
  vertex 2.4217956 9.619884 1.443854
 endloop
endfacet
facet normal 0 0 -1
 outer loop
  vertex 6.544209 9.950499 1.443854
  vertex 6.5444617 9.910176 1.443854
  vertex 2.3543057 9.910177 1.443854
 endloop
endfacet
facet normal 0 0 1
 outer loop
  vertex 2.3543057 9.910177 5.6610613
  vertex 6.544463 9.910176 5.6610613
  vertex 6.544209 9.9505005 5.6610613
 endloop
endfacet
facet normal 0 -0 1
 outer loop
  vertex -6.5324 9.660209 5.6610613
  vertex -6.532641 9.6198845 5.6610613
  vertex -2.4082053 9.619884 5.6610613
 endloop
endfacet
facet normal 0 0 1
 outer loop
  vertex 3.1332412 3.6026747 5.6610613
  vertex 6.5826015 3.6026745 5.6610613
  vertex 6.5823636 3.6429985 5.6610613
 endloop
endfacet
facet normal 0 -0 -1
 outer loop
  vertex -2.5501254 8.416443 1.443854
  vertex -6.5397644 8.416444 1.443854
  vertex -6.5395236 8.456767 1.443854
 endloop
endfacet
facet normal 0 -0 1
 outer loop
  vertex -6.5450363 7.5436163 5.6610613
  vertex -6.5452824 7.5032935 5.6610613
  vertex -2.6263995 7.503293 5.6610613
 endloop
endfacet
facet normal 0 -0 -1
 outer loop
  vertex -2.6921225 7.213001 1.443854
  vertex -6.5470605 7.2130013 1.443854
  vertex -6.5468125 7.2533255 1.443854
 endloop
endfacet
facet normal 0 0 1
 outer loop
  vertex 2.7830296 6.299851 5.6610613
  vertex 6.5662766 6.2998505 5.6610613
  vertex 6.5660286 6.3401747 5.6610613
 endloop
endfacet
facet normal 0 -0 -1
 outer loop
  vertex -2.8342614 6.00956 1.443854
  vertex -6.5544777 6.0095606 1.443854
  vertex -6.5542283 6.0498834 1.443854
 endloop
endfacet
facet normal 0 -0 1
 outer loop
  vertex -6.5598273 5.1367335 5.6610613
  vertex -6.5600724 5.0964103 5.6610613
  vertex -2.9127655 5.09641 5.6610613
 endloop
endfacet
facet normal 0 0 1
 outer loop
  vertex 2.9903235 4.806118 5.6610613
  vertex 6.5754223 4.8061175 5.6610613
  vertex 6.5751786 4.8464403 5.6610613
 endloop
endfacet
facet normal 0 0 1
 outer loop
  vertex 3.2138402 2.6895258 5.6610613
  vertex 6.588455 2.6895256 5.6610613
  vertex 6.588171 2.7298496 5.6610613
 endloop
endfacet
facet normal 0 -0 1
 outer loop
  vertex -6.5687723 3.6429994 5.6610613
  vertex -6.5690126 3.6026754 5.6610613
  vertex -3.1196518 3.6026752 5.6610613
 endloop
endfacet
facet normal -0 0 1
 outer loop
  vertex -4.1703404e-07 -5.523783 1.148084
  vertex -1.9082243 -5.346171 1.148084
  vertex -1.9119574 -5.368951 1.148084
 endloop
endfacet
facet normal 0 -0 1
 outer loop
  vertex -6.5524387 6.3401756 5.6610613
  vertex -6.5526867 6.2998514 5.6610613
  vertex -2.7694395 6.299851 5.6610613
 endloop
endfacet
facet normal 0 0 1
 outer loop
  vertex 3.2753413 2.3992338 5.6610613
  vertex 6.590881 2.3992336 5.6610613
  vertex 6.59053 2.4395566 5.6610613
 endloop
endfacet
facet normal 0 0 -1
 outer loop
  vertex 6.58817 2.7298496 1.443854
  vertex 6.588455 2.6895256 1.443854
  vertex 3.2138402 2.6895258 1.443854
 endloop
endfacet
facet normal 0 -0 -1
 outer loop
  vertex -3.1196518 3.6026762 1.443854
  vertex -6.5690126 3.6026764 1.443854
  vertex -6.5687723 3.6430004 1.443854
 endloop
endfacet
facet normal 0 0 1
 outer loop
  vertex 3.0701082 3.8929677 5.6610613
  vertex 6.5808773 3.8929675 5.6610613
  vertex 6.5806375 3.9332914 5.6610613
 endloop
endfacet
facet normal 0 0 -1
 outer loop
  vertex 6.5751786 4.8464403 1.443854
  vertex 6.5754223 4.8061166 1.443854
  vertex 2.9903245 4.806117 1.443854
 endloop
endfacet
facet normal 0 -0 -1
 outer loop
  vertex -2.9127655 5.09641 1.443854
  vertex -6.5600724 5.0964103 1.443854
  vertex -6.5598273 5.1367335 1.443854
 endloop
endfacet
facet normal 0 0 1
 outer loop
  vertex 2.8478525 6.009559 5.6610613
  vertex 6.5680676 6.0095587 5.6610613
  vertex 6.5678196 6.0498824 5.6610613
 endloop
endfacet
facet normal 0 -0 -1
 outer loop
  vertex -2.7694395 6.299851 1.443854
  vertex -6.5526867 6.2998514 1.443854
  vertex -6.5524387 6.3401756 1.443854
 endloop
endfacet
facet normal 0 0 -1
 outer loop
  vertex 6.5604024 7.2533245 1.443854
  vertex 6.5606494 7.2130003 1.443854
  vertex 2.7057126 7.213001 1.443854
 endloop
endfacet
facet normal 0 -0 -1
 outer loop
  vertex -2.6263995 7.503293 1.443854
  vertex -6.5452833 7.5032935 1.443854
  vertex -6.5450363 7.5436163 1.443854
 endloop
endfacet
facet normal 0 0 -1
 outer loop
  vertex 6.5531135 8.456765 1.443854
  vertex 6.5533543 8.416442 1.443854
  vertex 2.5637157 8.416443 1.443854
 endloop
endfacet
facet normal 0 0 -1
 outer loop
  vertex 6.5513883 8.747058 1.443854
  vertex 6.5516276 8.706734 1.443854
  vertex 2.4970627 8.706735 1.443854
 endloop
endfacet
facet normal 0 0 1
 outer loop
  vertex 2.4217956 9.619884 5.6610613
  vertex 6.546233 9.619883 5.6610613
  vertex 6.545991 9.660207 5.6610613
 endloop
endfacet
facet normal 0 -0 -1
 outer loop
  vertex -2.3407152 9.910177 1.443854
  vertex -6.530871 9.910178 1.443854
  vertex -6.530618 9.9505005 1.443854
 endloop
endfacet
facet normal 0 -0 -1
 outer loop
  vertex -2.9767334 4.806118 1.443854
  vertex -6.5618315 4.8061185 1.443854
  vertex -6.5615873 4.8464413 1.443854
 endloop
endfacet
facet normal 0 0 1
 outer loop
  vertex 2.5637147 8.416443 5.6610613
  vertex 6.5533543 8.416442 5.6610613
  vertex 6.5531135 8.456765 5.6610613
 endloop
endfacet
facet normal 0 -0 -1
 outer loop
  vertex -2.4834723 8.706735 1.443854
  vertex -6.5380373 8.706736 1.443854
  vertex -6.5377984 8.74706 1.443854
 endloop
endfacet
facet normal 0 -0 1
 outer loop
  vertex -6.5395236 8.456767 5.6610613
  vertex -6.5397635 8.416444 5.6610613
  vertex -2.5501254 8.416443 5.6610613
 endloop
endfacet
facet normal 0 0 -1
 outer loop
  vertex 6.59053 2.4395576 1.443854
  vertex 6.590881 2.3992336 1.443854
  vertex 3.2753403 2.3992338 1.443854
 endloop
endfacet
facet normal 0 -0 1
 outer loop
  vertex -6.5468125 7.2533255 5.6610613
  vertex -6.5470605 7.2130003 5.6610613
  vertex -2.6921225 7.213 5.6610613
 endloop
endfacet
facet normal 0 -0 -1
 outer loop
  vertex -3.2617507 2.3992343 1.443854
  vertex -6.577292 2.3992345 1.443854
  vertex -6.576941 2.4395585 1.443854
 endloop
endfacet
facet normal 0 0 -1
 outer loop
  vertex 6.5678186 6.0498834 1.443854
  vertex 6.5680676 6.0095596 1.443854
  vertex 2.8478515 6.00956 1.443854
 endloop
endfacet
facet normal 0 -0 -1
 outer loop
  vertex -3.0565188 3.8929682 1.443854
  vertex -6.5672865 3.8929684 1.443854
  vertex -6.5670476 3.9332924 1.443854
 endloop
endfacet
facet normal 0 0 1
 outer loop
  vertex 2.4970627 8.706735 5.6610613
  vertex 6.5516286 8.706734 5.6610613
  vertex 6.5513897 8.747058 5.6610613
 endloop
endfacet
facet normal 0 0 -1
 outer loop
  vertex 6.5806375 3.9332914 1.443854
  vertex 6.5808773 3.8929675 1.443854
  vertex 3.0701082 3.8929677 1.443854
 endloop
endfacet
facet normal 0 0 -1
 outer loop
  vertex 6.5823627 3.6429994 1.443854
  vertex 6.5826015 3.6026754 1.443854
  vertex 3.1332402 3.6026757 1.443854
 endloop
endfacet
facet normal 0 -0 -1
 outer loop
  vertex -3.2002509 2.6895263 1.443854
  vertex -6.574865 2.6895266 1.443854
  vertex -6.574581 2.7298505 1.443854
 endloop
endfacet
facet normal 0 0 -1
 outer loop
  vertex 6.5734177 5.1367326 1.443854
  vertex 6.5736623 5.0964093 1.443854
  vertex 2.9263554 5.09641 1.443854
 endloop
endfacet
facet normal -0.3562587 0.9343873 -8.524317e-08
 outer loop
  vertex -4.822807 -0.33908063 0.015245
  vertex -5.051421 -0.4262456 0.015245
  vertex -5.051423 -0.4262456 7.98667
 endloop
endfacet
facet normal -0.99301004 -0.118029706 1.9786702e-07
 outer loop
  vertex 3.1284482 3.6429987 5.6610613
  vertex 3.1284473 3.6429996 1.443854
  vertex 3.1332402 3.6026757 1.443854
 endloop
endfacet
facet normal -7.190941e-08 -1 1.626151e-14
 outer loop
  vertex 3.2753413 2.3992338 5.6610613
  vertex 3.2753403 2.3992338 1.443854
  vertex 6.590881 2.3992336 1.443854
 endloop
endfacet
facet normal 0.9119241 0.41035882 0
 outer loop
  vertex -4.499497 -0.63668066 0.015245
  vertex -4.594191 -0.42624563 0.015245
  vertex -4.594191 -0.42624563 7.98667
 endloop
endfacet
facet normal -0.9999821 0.0059714187 1.3503696e-09
 outer loop
  vertex -6.5324 9.660209 5.6610613
  vertex -6.5324 9.66021 1.443854
  vertex -6.532641 9.6198845 1.443854
 endloop
endfacet
facet normal -2.3122541e-07 -1 0
 outer loop
  vertex -6.532641 9.6198845 5.6610613
  vertex -6.532641 9.6198845 1.443854
  vertex -2.4082053 9.619884 1.443854
 endloop
endfacet
facet normal 7.055632e-08 1 -0
 outer loop
  vertex -3.1954567 2.7298503 5.6610613
  vertex -3.1954567 2.7298503 1.443854
  vertex -6.574581 2.7298505 1.443854
 endloop
endfacet
facet normal 7.181535e-08 1 2.2613881e-07
 outer loop
  vertex -3.2570577 2.4395573 5.6610613
  vertex -3.2570577 2.4395583 1.443854
  vertex -6.576941 2.4395585 1.443854
 endloop
endfacet
facet normal 1.2588775e-07 1 -0
 outer loop
  vertex -2.7646425 6.340175 5.6610613
  vertex -2.7646425 6.340175 1.443854
  vertex -6.5524387 6.3401756 1.443854
 endloop
endfacet
facet normal 0.9929984 -0.11812742 0
 outer loop
  vertex -2.7694395 6.299851 5.6610613
  vertex -2.7694395 6.299851 1.443854
  vertex -2.7646425 6.340175 1.443854
 endloop
endfacet
facet normal -0.9929984 -0.11812742 0
 outer loop
  vertex 2.7782326 6.340175 5.6610613
  vertex 2.7782326 6.340175 1.443854
  vertex 2.7830296 6.299851 1.443854
 endloop
endfacet
facet normal -0.35625625 0.93438834 0
 outer loop
  vertex -4.822807 1.6359444 7.98667
  vertex -4.822807 1.6359444 1.486522
  vertex -5.051423 1.5487794 1.486522
 endloop
endfacet
facet normal 0.35625947 -0.9343871 0
 outer loop
  vertex -4.822807 1.0407434 7.98667
  vertex -4.822807 1.0407434 1.486522
  vertex -4.594193 1.1279083 1.486522
 endloop
endfacet
facet normal 0.99996215 0.008702984 -0
 outer loop
  vertex 6.590881 2.3992336 5.6610613
  vertex 6.590881 2.3992336 1.443854
  vertex 6.59053 2.4395576 1.443854
 endloop
endfacet
facet normal -0.9999823 0.005959772 1.3477358e-09
 outer loop
  vertex -6.5687723 3.6429994 5.6610613
  vertex -6.5687723 3.6430004 1.443854
  vertex -6.5690126 3.6026764 1.443854
 endloop
endfacet
facet normal 0.9999823 0.005947947 -0
 outer loop
  vertex 6.5808773 3.8929675 5.6610613
  vertex 6.5808773 3.8929675 1.443854
  vertex 6.5806375 3.9332914 1.443854
 endloop
endfacet
facet normal 2.349464e-07 1 -7.969575e-14
 outer loop
  vertex 6.5513897 8.747058 5.6610613
  vertex 6.5513883 8.747058 1.443854
  vertex 2.4922738 8.747059 1.443854
 endloop
endfacet
facet normal 0.99308175 -0.11742516 -2.6554389e-08
 outer loop
  vertex -2.8342614 6.009559 5.6610613
  vertex -2.8342614 6.00956 1.443854
  vertex -2.8294935 6.049883 1.443854
 endloop
endfacet
facet normal -2.3903777e-07 -1 -5.4055718e-14
 outer loop
  vertex 2.5637147 8.416443 5.6610613
  vertex 2.5637157 8.416443 1.443854
  vertex 6.5533543 8.416442 1.443854
 endloop
endfacet
facet normal -0.9929259 -0.11873593 0
 outer loop
  vertex 3.0652862 3.9332917 5.6610613
  vertex 3.0652862 3.9332917 1.443854
  vertex 3.0701082 3.8929677 1.443854
 endloop
endfacet
facet normal -0.99998105 0.0061489264 0
 outer loop
  vertex -6.5468125 7.2533255 5.6610613
  vertex -6.5468125 7.2533255 1.443854
  vertex -6.5470605 7.2130013 1.443854
 endloop
endfacet
facet normal 0.9999809 0.0061726486 1.3958754e-09
 outer loop
  vertex 6.5680676 6.0095587 5.6610613
  vertex 6.5680676 6.0095596 1.443854
  vertex 6.5678186 6.0498834 1.443854
 endloop
endfacet
facet normal -0 0.999999 0.0013972406
 outer loop
  vertex -5.778861 -1.6328835 1.087533
  vertex -5.778861 -1.6314316 0.048365
  vertex -6.33439 -1.6314316 0.048365
 endloop
endfacet
facet normal -0.9999825 0.005924263 0
 outer loop
  vertex -6.5377984 8.74706 5.6610613
  vertex -6.5377984 8.74706 1.443854
  vertex -6.5380373 8.706736 1.443854
 endloop
endfacet
facet normal -1.3073678e-07 -1 -2.9564662e-14
 outer loop
  vertex 2.9263544 5.09641 5.6610613
  vertex 2.9263554 5.09641 1.443854
  vertex 6.5736623 5.0964093 1.443854
 endloop
endfacet
facet normal 7.1815386e-08 1 2.2613882e-07
 outer loop
  vertex 6.59053 2.4395566 5.6610613
  vertex 6.59053 2.4395576 1.443854
  vertex 3.2706482 2.4395578 1.443854
 endloop
endfacet
facet normal -0.99314 -0.11693187 -2.6442835e-08
 outer loop
  vertex 2.4170477 9.660208 5.6610613
  vertex 2.4170477 9.660209 1.443854
  vertex 2.4217956 9.619884 1.443854
 endloop
endfacet
facet normal -0.9930189 -0.11795512 -2.667423e-08
 outer loop
  vertex 2.6351986 7.543616 5.6610613
  vertex 2.6351986 7.543617 1.443854
  vertex 2.6399884 7.503293 1.443854
 endloop
endfacet
facet normal -0.9930843 -0.11740337 5.309892e-08
 outer loop
  vertex 2.3495388 9.950501 5.6610613
  vertex 2.3495388 9.9505 1.443854
  vertex 2.3543057 9.910177 1.443854
 endloop
endfacet
facet normal 1.3057337e-07 1 -0
 outer loop
  vertex 6.5734177 5.1367326 5.6610613
  vertex 6.5734177 5.1367326 1.443854
  vertex 2.9215465 5.136733 1.443854
 endloop
endfacet
facet normal 1.3283731e-07 1 -0
 outer loop
  vertex -2.9719546 4.846441 5.6610613
  vertex -2.9719546 4.846441 1.443854
  vertex -6.5615873 4.8464413 1.443854
 endloop
endfacet
facet normal -7.19094e-08 -1 0
 outer loop
  vertex -6.577292 2.3992345 5.6610613
  vertex -6.577292 2.3992345 1.443854
  vertex -3.2617507 2.3992343 1.443854
 endloop
endfacet
facet normal 0.9999821 0.0059717014 -0
 outer loop
  vertex 6.5533543 8.416442 5.6610613
  vertex 6.5533543 8.416442 1.443854
  vertex 6.5531135 8.456765 1.443854
 endloop
endfacet
facet normal -0.9999812 0.0061254953 0
 outer loop
  vertex -6.5450363 7.5436163 5.6610613
  vertex -6.5450363 7.5436163 1.443854
  vertex -6.5452833 7.5032935 1.443854
 endloop
endfacet
facet normal 6.782212e-08 1 -0
 outer loop
  vertex 6.5806375 3.9332914 5.6610613
  vertex 6.5806375 3.9332914 1.443854
  vertex 3.0652862 3.9332917 1.443854
 endloop
endfacet
facet normal -6.911963e-08 -1 -2.2613881e-07
 outer loop
  vertex 3.1332412 3.6026747 5.6610613
  vertex 3.1332402 3.6026757 1.443854
  vertex 6.5826015 3.6026754 1.443854
 endloop
endfacet
facet normal -0.9119242 0.41035885 0
 outer loop
  vertex -5.051423 1.5487794 1.486522
  vertex -5.146117 1.3383443 1.486522
  vertex -5.146117 1.3383443 7.98667
 endloop
endfacet
facet normal 0.9119218 -0.41036415 0
 outer loop
  vertex -4.594193 -0.84711665 0.015245
  vertex -4.499497 -0.63668066 0.015245
  vertex -4.499497 -0.63668066 7.98667
 endloop
endfacet
facet normal -0.9931106 -0.11718057 0
 outer loop
  vertex 2.5589578 8.456766 5.6610613
  vertex 2.5589578 8.456766 1.443854
  vertex 2.5637157 8.416443 1.443854
 endloop
endfacet
facet normal -0.9930066 -0.11805865 2.8069667e-07
 outer loop
  vertex 3.2090473 2.7298498 5.6610613
  vertex 3.2090461 2.7298498 1.443854
  vertex 3.2138402 2.6895258 1.443854
 endloop
endfacet
facet normal -1.2167673e-07 -1 2.2613884e-07
 outer loop
  vertex 2.6399894 7.503294 5.6610613
  vertex 2.6399884 7.503293 1.443854
  vertex 6.5588737 7.5032926 1.443854
 endloop
endfacet
facet normal 1.2588775e-07 1 -0
 outer loop
  vertex 6.5660286 6.3401747 5.6610613
  vertex 6.5660286 6.3401747 1.443854
  vertex 2.7782326 6.340175 1.443854
 endloop
endfacet
facet normal -6.791067e-08 -1 -1.535724e-14
 outer loop
  vertex -6.5672865 3.8929684 1.443854
  vertex -3.0565188 3.8929682 1.443854
  vertex -3.0565197 3.8929682 5.6610613
 endloop
endfacet
facet normal 0.9999821 0.0059714187 -3.3920216e-07
 outer loop
  vertex 6.546233 9.619883 5.6610613
  vertex 6.5462317 9.619883 1.443854
  vertex 6.545991 9.660208 1.443854
 endloop
endfacet
facet normal -2.2759876e-07 -1 0
 outer loop
  vertex 2.3543057 9.910177 5.6610613
  vertex 2.3543057 9.910177 1.443854
  vertex 6.5444617 9.910176 1.443854
 endloop
endfacet
facet normal -0.99996215 0.008702984 1.9680824e-09
 outer loop
  vertex -6.576941 2.4395576 5.6610613
  vertex -6.576941 2.4395585 1.443854
  vertex -6.577292 2.3992345 1.443854
 endloop
endfacet
facet normal -1.2603913e-07 -1 0
 outer loop
  vertex -6.5526867 6.2998514 5.6610613
  vertex -6.5526867 6.2998514 1.443854
  vertex -2.7694395 6.299851 1.443854
 endloop
endfacet
facet normal 2.2735385e-07 1 -4.5227765e-07
 outer loop
  vertex -2.3359482 9.950501 5.6610613
  vertex -2.3359482 9.9505 1.443854
  vertex -6.530618 9.9505005 1.443854
 endloop
endfacet
facet normal 0.99314 -0.11693187 0
 outer loop
  vertex -2.4082053 9.619884 5.6610613
  vertex -2.4082053 9.619884 1.443854
  vertex -2.4034574 9.660209 1.443854
 endloop
endfacet
facet normal 0.9931048 -0.11722995 -2.6510243e-08
 outer loop
  vertex -2.6921225 7.213 5.6610613
  vertex -2.6921225 7.213001 1.443854
  vertex -2.6873624 7.253325 1.443854
 endloop
endfacet
facet normal 1.2355054e-07 1 3.4924466e-14
 outer loop
  vertex -2.6873636 7.253325 5.6610613
  vertex -2.6873624 7.253325 1.443854
  vertex -6.5468125 7.2533255 1.443854
 endloop
endfacet
facet normal -2.3122536e-07 -1 0
 outer loop
  vertex 2.4217956 9.619884 5.6610613
  vertex 2.4217956 9.619884 1.443854
  vertex 6.5462317 9.619883 1.443854
 endloop
endfacet
facet normal -0.9999809 0.0061846194 -3.3920173e-07
 outer loop
  vertex -6.5542297 6.0498834 5.6610613
  vertex -6.5542283 6.0498834 1.443854
  vertex -6.5544777 6.0095606 1.443854
 endloop
endfacet
facet normal -6.791064e-08 -1 0
 outer loop
  vertex 3.0701082 3.8929677 5.6610613
  vertex 3.0701082 3.8929677 1.443854
  vertex 6.5808773 3.8929675 1.443854
 endloop
endfacet
facet normal 6.902851e-08 1 2.2613884e-07
 outer loop
  vertex -3.1148589 3.6429992 5.6610613
  vertex -3.1148577 3.6430001 1.443854
  vertex -6.5687723 3.6430004 1.443854
 endloop
endfacet
facet normal 1.3283726e-07 1 -0
 outer loop
  vertex 6.5751786 4.8464403 5.6610613
  vertex 6.5751786 4.8464403 1.443854
  vertex 2.9855444 4.846441 1.443854
 endloop
endfacet
facet normal 0.3562588 -0.9343873 0
 outer loop
  vertex 4.822807 1.0407426 7.98667
  vertex 4.822807 1.0407426 1.486522
  vertex 5.051421 1.1279076 1.486522
 endloop
endfacet
facet normal -0.9929636 -0.118419625 0
 outer loop
  vertex 2.9215465 5.136733 5.6610613
  vertex 2.9215465 5.136733 1.443854
  vertex 2.9263554 5.09641 1.443854
 endloop
endfacet
facet normal 1.2355055e-07 1 -2.7939577e-14
 outer loop
  vertex 6.5604033 7.2533245 5.6610613
  vertex 6.5604024 7.2533245 1.443854
  vertex 2.7009525 7.253325 1.443854
 endloop
endfacet
facet normal -0.9931048 -0.11722995 0
 outer loop
  vertex 2.7009525 7.253325 5.6610613
  vertex 2.7009525 7.253325 1.443854
  vertex 2.7057126 7.213001 1.443854
 endloop
endfacet
facet normal 0.9929259 -0.11873593 2.245391e-07
 outer loop
  vertex -3.0565197 3.8929682 5.6610613
  vertex -3.0565188 3.8929682 1.443854
  vertex -3.0516968 3.9332922 1.443854
 endloop
endfacet
facet normal -7.06506e-08 -1 0
 outer loop
  vertex 3.2138402 2.6895258 5.6610613
  vertex 3.2138402 2.6895258 1.443854
  vertex 6.588455 2.6895256 1.443854
 endloop
endfacet
facet normal -0.99998105 0.0061489264 0
 outer loop
  vertex -6.5524387 6.3401756 5.6610613
  vertex -6.5524387 6.3401756 1.443854
  vertex -6.5526867 6.2998514 1.443854
 endloop
endfacet
facet normal 0.35625684 0.9343881 0
 outer loop
  vertex -4.594191 -0.42624563 0.015245
  vertex -4.822807 -0.33908063 0.015245
  vertex -4.822807 -0.33908063 7.98667
 endloop
endfacet
facet normal -0.9930814 -0.11742821 -2.6555078e-08
 outer loop
  vertex 2.8430834 6.049883 5.6610613
  vertex 2.8430834 6.049884 1.443854
  vertex 2.8478515 6.00956 1.443854
 endloop
endfacet
facet normal 0.3562562 -0.93438834 0
 outer loop
  vertex 4.822807 -0.93428236 0.015245
  vertex 5.051423 -0.84711736 0.015245
  vertex 5.051423 -0.84711736 7.98667
 endloop
endfacet
facet normal -1.2817459e-07 -1 -2.261388e-07
 outer loop
  vertex 2.8478525 6.009559 5.6610613
  vertex 2.8478515 6.00956 1.443854
  vertex 6.5680676 6.0095596 1.443854
 endloop
endfacet
facet normal -0.9999815 0.006078124 0
 outer loop
  vertex -6.5598273 5.1367335 5.6610613
  vertex -6.5598273 5.1367335 1.443854
  vertex -6.5600724 5.0964103 1.443854
 endloop
endfacet
facet normal 0.9930152 -0.11798682 0
 outer loop
  vertex -2.6263995 7.503293 5.6610613
  vertex -2.6263995 7.503293 1.443854
  vertex -2.6216085 7.543616 1.443854
 endloop
endfacet
facet normal -0.9999752 0.0070357923 0
 outer loop
  vertex -6.574581 2.7298505 5.6610613
  vertex -6.574581 2.7298505 1.443854
  vertex -6.574865 2.6895266 1.443854
 endloop
endfacet
facet normal 2.3097301e-07 1 2.2613882e-07
 outer loop
  vertex -2.4034574 9.660208 5.6610613
  vertex -2.4034574 9.660209 1.443854
  vertex -6.5324 9.66021 1.443854
 endloop
endfacet
facet normal -2.3903775e-07 -1 5.405571e-14
 outer loop
  vertex -6.5397635 8.416444 5.6610613
  vertex -6.5397644 8.416444 1.443854
  vertex -2.5501254 8.416443 1.443854
 endloop
endfacet
facet normal 0.9930066 -0.11805865 -2.6697643e-08
 outer loop
  vertex -3.1196518 3.6026752 5.6610613
  vertex -3.1196518 3.6026762 1.443854
  vertex -3.1148577 3.6430001 1.443854
 endloop
endfacet
facet normal -1.3073678e-07 -1 0
 outer loop
  vertex -6.5600724 5.0964103 5.6610613
  vertex -6.5600724 5.0964103 1.443854
  vertex -2.9127655 5.09641 1.443854
 endloop
endfacet
facet normal -0.9119226 0.41036224 0
 outer loop
  vertex 4.594191 -0.42624635 7.98667
  vertex 4.594191 -0.42624635 0.015245
  vertex 4.499496 -0.6366814 0.015245
 endloop
endfacet
facet normal 1.2153585e-07 1 2.2613882e-07
 outer loop
  vertex 6.5586267 7.5436153 5.6610613
  vertex 6.5586267 7.5436163 1.443854
  vertex 2.6351986 7.543617 1.443854
 endloop
endfacet
facet normal -0.99329823 -0.11557969 -2.6137055e-08
 outer loop
  vertex 3.2706482 2.4395568 5.6610613
  vertex 3.2706482 2.4395578 1.443854
  vertex 3.2753403 2.3992338 1.443854
 endloop
endfacet
facet normal -0.034297325 0.99940866 0.0024417068
 outer loop
  vertex -2.3798569e-07 -3.152216 0.087174
  vertex -2.381702e-07 -3.15466 1.087533
  vertex 1.4470688 -3.105 1.087533
 endloop
endfacet
facet normal -1.2167678e-07 -1 2.7515842e-14
 outer loop
  vertex -6.5452824 7.5032935 5.6610613
  vertex -6.5452833 7.5032935 1.443854
  vertex -2.6263995 7.503293 1.443854
 endloop
endfacet
facet normal -1.3300533e-07 -1 0
 outer loop
  vertex -6.5618315 4.8061185 5.6610613
  vertex -6.5618315 4.8061185 1.443854
  vertex -2.9767334 4.806118 1.443854
 endloop
endfacet
facet normal 2.2735382e-07 1 -4.5227765e-07
 outer loop
  vertex 6.544209 9.9505005 5.6610613
  vertex 6.544209 9.950499 1.443854
  vertex 2.3495388 9.9505 1.443854
 endloop
endfacet
facet normal -0.99304706 -0.11771773 -2.2456649e-07
 outer loop
  vertex 2.9855435 4.846441 5.6610613
  vertex 2.9855444 4.846441 1.443854
  vertex 2.9903245 4.806117 1.443854
 endloop
endfacet
facet normal -0.9999825 0.0059242984 0
 outer loop
  vertex -6.5670476 3.9332924 5.6610613
  vertex -6.5670476 3.9332924 1.443854
  vertex -6.5672865 3.8929684 1.443854
 endloop
endfacet
facet normal 6.9028495e-08 1 2.261388e-07
 outer loop
  vertex 6.5823627 3.6429994 1.443854
  vertex 3.1284473 3.6429996 1.443854
  vertex 3.1284482 3.6429987 5.6610613
 endloop
endfacet
facet normal -0.9999821 0.0059717014 0
 outer loop
  vertex -6.5395236 8.456767 5.6610613
  vertex -6.5395236 8.456767 1.443854
  vertex -6.5397644 8.416444 1.443854
 endloop
endfacet
facet normal -1.2369519e-07 -1 0
 outer loop
  vertex 2.7057126 7.213001 5.6610613
  vertex 2.7057126 7.213001 1.443854
  vertex 6.5606494 7.2130003 1.443854
 endloop
endfacet
facet normal 1.305734e-07 1 -0
 outer loop
  vertex -2.9079566 5.136733 5.6610613
  vertex -2.9079566 5.136733 1.443854
  vertex -6.5598273 5.1367335 1.443854
 endloop
endfacet
facet normal -2.2759876e-07 -1 0
 outer loop
  vertex -6.530871 9.910178 5.6610613
  vertex -6.530871 9.910178 1.443854
  vertex -2.3407152 9.910177 1.443854
 endloop
endfacet
facet normal 2.3097297e-07 1 2.2613882e-07
 outer loop
  vertex 6.545991 9.660207 5.6610613
  vertex 6.545991 9.660208 1.443854
  vertex 2.4170477 9.660209 1.443854
 endloop
endfacet
facet normal 0.9929636 -0.118419625 0
 outer loop
  vertex -2.9127655 5.09641 5.6610613
  vertex -2.9127655 5.09641 1.443854
  vertex -2.9079566 5.136733 1.443854
 endloop
endfacet
facet normal -0.99302185 -0.11793058 0
 outer loop
  vertex 2.4922738 8.747059 5.6610613
  vertex 2.4922738 8.747059 1.443854
  vertex 2.4970627 8.706735 1.443854
 endloop
endfacet
facet normal 2.3876737e-07 1 -0
 outer loop
  vertex -2.5453672 8.456766 5.6610613
  vertex -2.5453672 8.456766 1.443854
  vertex -6.5395236 8.456767 1.443854
 endloop
endfacet
facet normal -1.2369516e-07 -1 -2.2613884e-07
 outer loop
  vertex -6.5470605 7.2130003 5.6610613
  vertex -6.5470605 7.2130013 1.443854
  vertex -2.6921225 7.213001 1.443854
 endloop
endfacet
facet normal 7.055633e-08 1 -1.9944407e-14
 outer loop
  vertex 6.58817 2.7298496 1.443854
  vertex 3.2090461 2.7298498 1.443854
  vertex 3.2090473 2.7298498 5.6610613
 endloop
endfacet
facet normal -0.35625878 -0.9343873 -0
 outer loop
  vertex -5.051421 -0.84711665 0.015245
  vertex -4.822807 -0.93428165 0.015245
  vertex -4.822807 -0.93428165 7.98667
 endloop
endfacet
facet normal -0.35625684 0.9343881 0
 outer loop
  vertex 4.822807 -0.33908135 7.98667
  vertex 4.822807 -0.33908135 0.015245
  vertex 4.594191 -0.42624635 0.015245
 endloop
endfacet
facet normal 0.9999812 0.006125278 -0
 outer loop
  vertex 6.5606494 7.2130003 5.6610613
  vertex 6.5606494 7.2130003 1.443854
  vertex 6.5604024 7.2533245 1.443854
 endloop
endfacet
facet normal 0.9999816 0.0060662995 -3.39202e-07
 outer loop
  vertex 6.5736637 5.0964093 5.6610613
  vertex 6.5736623 5.0964093 1.443854
  vertex 6.5734177 5.1367326 1.443854
 endloop
endfacet
facet normal -2.3521002e-07 -1 0
 outer loop
  vertex 2.4970627 8.706735 5.6610613
  vertex 2.4970627 8.706735 1.443854
  vertex 6.5516276 8.706734 1.443854
 endloop
endfacet
facet normal 1.280191e-07 1 -0
 outer loop
  vertex -2.8294935 6.049883 5.6610613
  vertex -2.8294935 6.049883 1.443854
  vertex -6.5542283 6.0498834 1.443854
 endloop
endfacet
facet normal 0.9999812 0.0061253505 -2.2751975e-07
 outer loop
  vertex 6.5588746 7.5032935 5.6610613
  vertex 6.5588737 7.5032926 1.443854
  vertex 6.5586267 7.5436163 1.443854
 endloop
endfacet
facet normal 0.9999825 0.0059242984 1.3397138e-09
 outer loop
  vertex 6.5826015 3.6026745 5.6610613
  vertex 6.5826015 3.6026754 1.443854
  vertex 6.5823627 3.6429994 1.443854
 endloop
endfacet
facet normal 0.9930502 -0.117691524 0
 outer loop
  vertex -2.9767334 4.806118 5.6610613
  vertex -2.9767334 4.806118 1.443854
  vertex -2.9719546 4.846441 1.443854
 endloop
endfacet
facet normal -1.3300534e-07 -1 2.261388e-07
 outer loop
  vertex 2.9903235 4.806118 5.6610613
  vertex 2.9903245 4.806117 1.443854
  vertex 6.5754223 4.8061166 1.443854
 endloop
endfacet
facet normal 0.9930066 -0.11805865 2.2455734e-07
 outer loop
  vertex -3.2002518 2.6895263 5.6610613
  vertex -3.2002509 2.6895263 1.443854
  vertex -3.1954567 2.7298503 1.443854
 endloop
endfacet
facet normal 2.3876743e-07 1 -0
 outer loop
  vertex 6.5531135 8.456765 5.6610613
  vertex 6.5531135 8.456765 1.443854
  vertex 2.5589578 8.456766 1.443854
 endloop
endfacet
facet normal -0.9999804 0.0062674675 -2.8346354e-09
 outer loop
  vertex -6.530618 9.950502 5.6610613
  vertex -6.530618 9.9505005 1.443854
  vertex -6.530871 9.910178 1.443854
 endloop
endfacet
facet normal 0.3562588 0.9343873 -0
 outer loop
  vertex 5.051421 1.5487787 7.98667
  vertex 5.051421 1.5487787 1.486522
  vertex 4.822807 1.6359437 1.486522
 endloop
endfacet
facet normal 0.9999804 0.0062674675 -3.3920156e-07
 outer loop
  vertex 6.544463 9.910176 5.6610613
  vertex 6.5444617 9.910176 1.443854
  vertex 6.544209 9.950499 1.443854
 endloop
endfacet
facet normal 0.999975 0.0070712655 -0
 outer loop
  vertex 6.588455 2.6895256 5.6610613
  vertex 6.588455 2.6895256 1.443854
  vertex 6.58817 2.7298496 1.443854
 endloop
endfacet
facet normal 1.2801908e-07 1 2.2613882e-07
 outer loop
  vertex 6.5678186 6.0498834 1.443854
  vertex 2.8430834 6.049884 1.443854
  vertex 2.8430834 6.049883 5.6610613
 endloop
endfacet
facet normal -7.065062e-08 -1 -1.5976849e-14
 outer loop
  vertex -6.574865 2.6895266 1.443854
  vertex -3.2002509 2.6895263 1.443854
  vertex -3.2002518 2.6895263 5.6610613
 endloop
endfacet
facet normal 0.99998105 0.0061489264 -0
 outer loop
  vertex 6.5662766 6.2998505 5.6610613
  vertex 6.5662766 6.2998505 1.443854
  vertex 6.5660286 6.3401747 1.443854
 endloop
endfacet
facet normal 1.2153585e-07 1 -0
 outer loop
  vertex -2.6216085 7.543616 5.6610613
  vertex -2.6216085 7.543616 1.443854
  vertex -6.5450363 7.5436163 1.443854
 endloop
endfacet
facet normal -0.9119226 0.41036227 2.675869e-07
 outer loop
  vertex 4.594193 1.5487787 7.98667
  vertex 4.594191 1.5487787 1.486522
  vertex 4.499496 1.3383436 1.486522
 endloop
endfacet
facet normal -0.35625684 -0.9343881 8.524273e-08
 outer loop
  vertex 4.594193 -0.84711736 7.98667
  vertex 4.594191 -0.84711736 0.015245
  vertex 4.822807 -0.93428236 0.015245
 endloop
endfacet
facet normal 0.9931099 -0.11718636 0
 outer loop
  vertex -2.5501254 8.416443 5.6610613
  vertex -2.5501254 8.416443 1.443854
  vertex -2.5453672 8.456766 1.443854
 endloop
endfacet
facet normal 0 0 -1
 outer loop
  vertex -5.051421 -0.4262456 0.015245
  vertex -4.594191 -0.42624563 0.015245
  vertex -4.594193 -0.84711665 0.015245
 endloop
endfacet
facet normal 0 0 1
 outer loop
  vertex -4.822807 -0.33908063 7.98667
  vertex -4.499497 -0.63668066 7.98667
  vertex -4.594191 -0.42624563 7.98667
 endloop
endfacet
facet normal 0 -0 1
 outer loop
  vertex -4.499497 -0.63668066 7.98667
  vertex -4.822807 -0.93428165 7.98667
  vertex -4.594191 -0.84711665 7.98667
 endloop
endfacet
facet normal -0 -0 1
 outer loop
  vertex -4.822807 -0.93428165 7.98667
  vertex -5.146117 -0.6366806 7.98667
  vertex -5.051421 -0.84711665 7.98667
 endloop
endfacet
facet normal -0 0 1
 outer loop
  vertex -5.146117 -0.6366806 7.98667
  vertex -4.822807 -0.33908063 7.98667
  vertex -5.051423 -0.4262456 7.98667
 endloop
endfacet
facet normal 0 -0 1
 outer loop
  vertex 4.822807 1.6359437 7.98667
  vertex 4.499496 1.3383436 7.98667
  vertex 4.822807 1.0407426 7.98667
 endloop
endfacet
facet normal 0.9999824 0.005936087 -2.2613483e-07
 outer loop
  vertex 6.5516286 8.706734 5.6610613
  vertex 6.5516276 8.706734 1.443854
  vertex 6.5513883 8.747058 1.443854
 endloop
endfacet
facet normal -0.35625687 0.9343881 0
 outer loop
  vertex 4.822807 1.6359437 7.98667
  vertex 4.822807 1.6359437 1.486522
  vertex 4.594191 1.5487787 1.486522
 endloop
endfacet
facet normal 0 -0 -1
 outer loop
  vertex -4.594191 -0.42624563 0.015245
  vertex -5.051421 -0.4262456 0.015245
  vertex -4.822807 -0.33908063 0.015245
 endloop
endfacet
facet normal 0 0 -1
 outer loop
  vertex -5.051421 -0.4262456 0.015245
  vertex -5.051421 -0.84711665 0.015245
  vertex -5.146118 -0.6366806 0.015245
 endloop
endfacet
facet normal 0 0 -1
 outer loop
  vertex -5.051421 -0.84711665 0.015245
  vertex -4.594193 -0.84711665 0.015245
  vertex -4.822807 -0.93428165 0.015245
 endloop
endfacet
facet normal -0 0 -1
 outer loop
  vertex -4.594193 -0.84711665 0.015245
  vertex -4.594191 -0.42624563 0.015245
  vertex -4.499497 -0.63668066 0.015245
 endloop
endfacet
facet normal 0 0 -1
 outer loop
  vertex 5.051421 -0.42624637 0.015245
  vertex 5.051423 -0.84711736 0.015245
  vertex 4.594191 -0.84711736 0.015245
 endloop
endfacet
facet normal -1.2817458e-07 -1 -2.2613882e-07
 outer loop
  vertex -6.5544777 6.0095596 5.6610613
  vertex -6.5544777 6.0095606 1.443854
  vertex -2.8342614 6.00956 1.443854
 endloop
endfacet
facet normal 0.9119232 -0.41036078 0
 outer loop
  vertex 5.051423 -0.84711736 7.98667
  vertex 5.051423 -0.84711736 0.015245
  vertex 5.146118 -0.63668144 0.015245
 endloop
endfacet
facet normal 0.9119202 -0.4103676 0
 outer loop
  vertex 5.051421 1.1279076 7.98667
  vertex 5.051421 1.1279076 1.486522
  vertex 5.146118 1.3383436 1.486522
 endloop
endfacet
facet normal -6.911964e-08 -1 -2.2613882e-07
 outer loop
  vertex -6.5690126 3.6026754 5.6610613
  vertex -6.5690126 3.6026764 1.443854
  vertex -3.1196518 3.6026762 1.443854
 endloop
endfacet
facet normal -0.9999817 0.0060545467 0
 outer loop
  vertex -6.5615873 4.8464413 5.6610613
  vertex -6.5615873 4.8464413 1.443854
  vertex -6.5618315 4.8061185 1.443854
 endloop
endfacet
facet normal 0 0 1
 outer loop
  vertex -4.822807 1.6359444 7.98667
  vertex -4.499496 1.3383443 7.98667
  vertex -4.594191 1.5487794 7.98667
 endloop
endfacet
facet normal 0 -0 1
 outer loop
  vertex -4.499496 1.3383443 7.98667
  vertex -4.822807 1.0407434 7.98667
  vertex -4.594193 1.1279083 7.98667
 endloop
endfacet
facet normal -0 -0 1
 outer loop
  vertex -4.822807 1.0407434 7.98667
  vertex -5.146117 1.3383443 7.98667
  vertex -5.051421 1.1279083 7.98667
 endloop
endfacet
facet normal -0 0 1
 outer loop
  vertex -5.146117 1.3383443 7.98667
  vertex -4.822807 1.6359444 7.98667
  vertex -5.051423 1.5487794 7.98667
 endloop
endfacet
facet normal 0 -0 1
 outer loop
  vertex 4.822807 -0.33908135 7.98667
  vertex 4.499496 -0.6366814 7.98667
  vertex 4.822807 -0.93428236 7.98667
 endloop
endfacet
facet normal 0.99302113 -0.11793638 0
 outer loop
  vertex -2.4834723 8.706735 5.6610613
  vertex -2.4834723 8.706735 1.443854
  vertex -2.4786832 8.747059 1.443854
 endloop
endfacet
facet normal 0 -0 -1
 outer loop
  vertex -4.594191 1.5487794 1.486522
  vertex -5.051423 1.5487794 1.486522
  vertex -4.822807 1.6359444 1.486522
 endloop
endfacet
facet normal 0 0 -1
 outer loop
  vertex -5.051423 1.5487794 1.486522
  vertex -5.051421 1.1279083 1.486522
  vertex -5.146117 1.3383443 1.486522
 endloop
endfacet
facet normal 0 0 -1
 outer loop
  vertex -5.051421 1.1279083 1.486522
  vertex -4.594193 1.1279083 1.486522
  vertex -4.822807 1.0407434 1.486522
 endloop
endfacet
facet normal -0 0 -1
 outer loop
  vertex -4.594193 1.1279083 1.486522
  vertex -4.594191 1.5487794 1.486522
  vertex -4.499497 1.3383443 1.486522
 endloop
endfacet
facet normal 0.91191953 0.4103691 1.0909896e-07
 outer loop
  vertex 5.146117 -0.63668144 7.98667
  vertex 5.146118 -0.63668144 0.015245
  vertex 5.051421 -0.42624637 0.015245
 endloop
endfacet
facet normal -0.9119202 -0.4103676 0
 outer loop
  vertex 4.499496 1.3383436 7.98667
  vertex 4.499496 1.3383436 1.486522
  vertex 4.594193 1.1279076 1.486522
 endloop
endfacet
facet normal 0.35625687 0.9343881 0
 outer loop
  vertex -4.594191 1.5487794 1.486522
  vertex -4.822807 1.6359444 1.486522
  vertex -4.822807 1.6359444 7.98667
 endloop
endfacet
facet normal 2.3494634e-07 1 -0
 outer loop
  vertex -2.4786832 8.747059 5.6610613
  vertex -2.4786832 8.747059 1.443854
  vertex -6.5377984 8.74706 1.443854
 endloop
endfacet
facet normal 0.99998176 0.0060425787 -1.3664616e-09
 outer loop
  vertex 6.5754223 4.8061175 5.6610613
  vertex 6.5754223 4.8061166 1.443854
  vertex 6.5751786 4.8464403 1.443854
 endloop
endfacet
facet normal 0 0 -1
 outer loop
  vertex -5.051423 1.5487794 1.486522
  vertex -4.594191 1.5487794 1.486522
  vertex -4.594193 1.1279083 1.486522
 endloop
endfacet
facet normal 0.3562589 0.93438727 -8.524322e-08
 outer loop
  vertex 5.051423 -0.42624637 7.98667
  vertex 5.051421 -0.42624637 0.015245
  vertex 4.822807 -0.33908135 0.015245
 endloop
endfacet
facet normal -0.91192025 -0.4103675 -0
 outer loop
  vertex -5.146118 -0.6366806 0.015245
  vertex -5.051421 -0.84711665 0.015245
  vertex -5.051421 -0.84711665 7.98667
 endloop
endfacet
facet normal -0 0 1
 outer loop
  vertex 4.499496 -0.6366814 7.98667
  vertex 4.822807 -0.33908135 7.98667
  vertex 4.594191 -0.42624635 7.98667
 endloop
endfacet
facet normal 0 0 1
 outer loop
  vertex 4.822807 -0.33908135 7.98667
  vertex 5.146117 -0.63668144 7.98667
  vertex 5.051423 -0.42624637 7.98667
 endloop
endfacet
facet normal 0 -0 1
 outer loop
  vertex 5.146117 -0.63668144 7.98667
  vertex 4.822807 -0.93428236 7.98667
  vertex 5.051423 -0.84711736 7.98667
 endloop
endfacet
facet normal -0 -0 1
 outer loop
  vertex 4.822807 -0.93428236 7.98667
  vertex 4.499496 -0.6366814 7.98667
  vertex 4.594193 -0.84711736 7.98667
 endloop
endfacet
facet normal 0 -0 1
 outer loop
  vertex -1.4470693 -3.105 1.087533
  vertex -1.4720693 -3.127152 1.087533
  vertex -2.3990884e-07 -3.177689 1.087533
 endloop
endfacet
facet normal -0.91191953 0.4103692 1.0909896e-07
 outer loop
  vertex -5.051421 -0.4262456 0.015245
  vertex -5.146118 -0.6366806 0.015245
  vertex -5.146117 -0.6366806 7.98667
 endloop
endfacet
facet normal 0.9119218 -0.41036418 -1.3379334e-07
 outer loop
  vertex -4.594193 1.1279083 1.486522
  vertex -4.499497 1.3383443 1.486522
  vertex -4.499496 1.3383443 7.98667
 endloop
endfacet
facet normal 0 -0 -1
 outer loop
  vertex 5.051421 -0.42624637 0.015245
  vertex 4.594191 -0.42624635 0.015245
  vertex 4.822807 -0.33908135 0.015245
 endloop
endfacet
facet normal 0 0 -1
 outer loop
  vertex 4.594191 -0.42624635 0.015245
  vertex 4.594191 -0.84711736 0.015245
  vertex 4.499496 -0.6366814 0.015245
 endloop
endfacet
facet normal 0 0 -1
 outer loop
  vertex 4.594191 -0.84711736 0.015245
  vertex 5.051423 -0.84711736 0.015245
  vertex 4.822807 -0.93428236 0.015245
 endloop
endfacet
facet normal -0 -0 -1
 outer loop
  vertex 5.051423 -0.84711736 0.015245
  vertex 5.051421 -0.42624637 0.015245
  vertex 5.146118 -0.63668144 0.015245
 endloop
endfacet
facet normal 0 0 -1
 outer loop
  vertex 5.051421 1.5487787 1.486522
  vertex 5.051421 1.1279076 1.486522
  vertex 4.594193 1.1279076 1.486522
 endloop
endfacet
facet normal 0.35625947 -0.9343871 -8.524336e-08
 outer loop
  vertex -4.822807 -0.93428165 0.015245
  vertex -4.594193 -0.84711665 0.015245
  vertex -4.594191 -0.84711665 7.98667
 endloop
endfacet
facet normal -0.9119233 -0.4103607 0
 outer loop
  vertex 4.499496 -0.6366814 7.98667
  vertex 4.499496 -0.6366814 0.015245
  vertex 4.594191 -0.84711736 0.015245
 endloop
endfacet
facet normal -2.3521002e-07 -1 0
 outer loop
  vertex -6.5380373 8.706736 5.6610613
  vertex -6.5380373 8.706736 1.443854
  vertex -2.4834723 8.706735 1.443854
 endloop
endfacet
facet normal -0.3562588 -0.9343873 -0
 outer loop
  vertex -5.051421 1.1279083 1.486522
  vertex -4.822807 1.0407434 1.486522
  vertex -4.822807 1.0407434 7.98667
 endloop
endfacet
facet normal 0.91191953 0.41036916 1.33793e-07
 outer loop
  vertex 5.146117 1.3383436 7.98667
  vertex 5.146118 1.3383436 1.486522
  vertex 5.051421 1.5487787 1.486522
 endloop
endfacet
facet normal -0 0 1
 outer loop
  vertex 4.499496 1.3383436 7.98667
  vertex 4.822807 1.6359437 7.98667
  vertex 4.594193 1.5487787 7.98667
 endloop
endfacet
facet normal 0 0 1
 outer loop
  vertex 4.822807 1.6359437 7.98667
  vertex 5.146117 1.3383436 7.98667
  vertex 5.051421 1.5487787 7.98667
 endloop
endfacet
facet normal 0 -0 1
 outer loop
  vertex 5.146117 1.3383436 7.98667
  vertex 4.822807 1.0407426 7.98667
  vertex 5.051421 1.1279076 7.98667
 endloop
endfacet
facet normal -0 -0 1
 outer loop
  vertex 4.822807 1.0407426 7.98667
  vertex 4.499496 1.3383436 7.98667
  vertex 4.594193 1.1279076 7.98667
 endloop
endfacet
facet normal 0 -0 1
 outer loop
  vertex -4.822807 1.6359444 7.98667
  vertex -5.146117 1.3383443 7.98667
  vertex -4.822807 1.0407434 7.98667
 endloop
endfacet
facet normal 0.9119242 0.41035885 0
 outer loop
  vertex -4.499497 1.3383443 1.486522
  vertex -4.594191 1.5487794 1.486522
  vertex -4.594191 1.5487794 7.98667
 endloop
endfacet
facet normal -0.9119218 -0.41036418 -0
 outer loop
  vertex -5.146117 1.3383443 1.486522
  vertex -5.051421 1.1279083 1.486522
  vertex -5.051421 1.1279083 7.98667
 endloop
endfacet
facet normal 0 -0 -1
 outer loop
  vertex 5.051421 1.5487787 1.486522
  vertex 4.594191 1.5487787 1.486522
  vertex 4.822807 1.6359437 1.486522
 endloop
endfacet
facet normal 0 0 -1
 outer loop
  vertex 4.594191 1.5487787 1.486522
  vertex 4.594193 1.1279076 1.486522
  vertex 4.499496 1.3383436 1.486522
 endloop
endfacet
facet normal 0 0 -1
 outer loop
  vertex 4.594193 1.1279076 1.486522
  vertex 5.051421 1.1279076 1.486522
  vertex 4.822807 1.0407426 1.486522
 endloop
endfacet
facet normal -0 -0 -1
 outer loop
  vertex 5.051421 1.1279076 1.486522
  vertex 5.051421 1.5487787 1.486522
  vertex 5.146118 1.3383436 1.486522
 endloop
endfacet
facet normal 0.9930843 -0.11740337 0
 outer loop
  vertex -2.3407152 9.910177 5.6610613
  vertex -2.3407152 9.910177 1.443854
  vertex -2.3359482 9.9505 1.443854
 endloop
endfacet
facet normal -0.35625947 -0.9343871 -0
 outer loop
  vertex 4.594193 1.1279076 1.486522
  vertex 4.822807 1.0407426 1.486522
  vertex 4.822807 1.0407426 7.98667
 endloop
endfacet
facet normal 6.782213e-08 1 -0
 outer loop
  vertex -3.0516968 3.9332922 5.6610613
  vertex -3.0516968 3.9332922 1.443854
  vertex -6.5670476 3.9332924 1.443854
 endloop
endfacet
facet normal 0.9512017 0.30856904 -0.0007188052
 outer loop
  vertex 6.3379645 -4.3921595 0.118816
  vertex 6.3308153 -4.3701224 0.118254
  vertex 6.3308153 -4.3677235 1.148084
 endloop
endfacet
facet normal 0.18048482 -0.9835759 0.0019156688
 outer loop
  vertex 1.9119567 -5.370699 0.143787
  vertex 3.7898695 -5.0261216 0.134994
  vertex 3.7898695 -5.0241485 1.148084
 endloop
endfacet
facet normal 0.22955576 0.973293 -0.002176018
 outer loop
  vertex -3.7843165 -5.0036907 0.134422
  vertex -5.7788615 -4.5332947 0.122418
  vertex -5.7788615 -4.5310016 1.148084
 endloop
endfacet
facet normal 0.28351378 0.95896554 -0.0022338901
 outer loop
  vertex -5.7788615 -4.5332947 0.122418
  vertex -6.3308163 -4.3701215 0.118254
  vertex -6.3308163 -4.3677225 1.148084
 endloop
endfacet
facet normal -1.8141247e-08 -0.025512986 -0.9996745
 outer loop
  vertex -4.1715845e-07 -5.525431 0.147736
  vertex 1.9082236 -5.347934 0.143206
  vertex 1.9119567 -5.370699 0.143787
 endloop
endfacet
facet normal 0.09262408 -0.9956996 0.0017331204
 outer loop
  vertex -4.1890382e-07 -5.548549 0.148326
  vertex 1.9119567 -5.370699 0.143787
  vertex 1.9119567 -5.368951 1.148084
 endloop
endfacet
facet normal 0 -0 1
 outer loop
  vertex 3.7843156 -5.0017033 1.148084
  vertex 1.9082236 -5.346171 1.148084
  vertex 1.9119567 -5.368951 1.148084
 endloop
endfacet
facet normal -6.014428e-07 -0.02551182 -0.99967456
 outer loop
  vertex -3.7843165 -5.0036907 0.134422
  vertex -1.9082243 -5.347934 0.143206
  vertex -1.9119574 -5.3707 0.143787
 endloop
endfacet
facet normal -0.09262122 0.9956999 -0.0017467656
 outer loop
  vertex 1.9082236 -5.346171 1.148084
  vertex 1.9082236 -5.347934 0.143206
  vertex -4.1715845e-07 -5.525431 0.147736
 endloop
endfacet
facet normal 0.1947431 0.9808533 0.0013704894
 outer loop
  vertex -3.7843163 -2.0274518 0.058471
  vertex -5.778861 -1.6314316 0.048365
  vertex -5.778861 -1.6328835 1.087533
 endloop
endfacet
facet normal -0.22955576 0.973293 -0.002176923
 outer loop
  vertex 5.7788606 -4.5310016 1.148084
  vertex 5.7788606 -4.5332956 0.122418
  vertex 3.7843156 -5.0036917 0.134422
 endloop
endfacet
facet normal -0.2836511 -0.9589252 0.0021316977
 outer loop
  vertex -5.7855425 -4.5554595 0.122984
  vertex -5.7855425 -4.5531807 1.148084
  vertex -6.3379655 -4.3897734 1.148084
 endloop
endfacet
facet normal -0.28366593 0.9589207 -0.0021447772
 outer loop
  vertex 5.7788606 -4.5332956 0.122418
  vertex 5.7788606 -4.5310016 1.148084
  vertex 6.3308153 -4.3677235 1.148084
 endloop
endfacet
facet normal -0.092623614 -0.99569964 0.001734066
 outer loop
  vertex -1.9119574 -5.368951 1.148084
  vertex -1.9119574 -5.3707 0.143787
  vertex -4.1890382e-07 -5.548549 0.148326
 endloop
endfacet
facet normal -0.18048528 -0.9835758 0.0019165946
 outer loop
  vertex -3.7898705 -5.0241475 1.148084
  vertex -3.7898705 -5.0261216 0.134994
  vertex -1.9119574 -5.3707 0.143787
 endloop
endfacet
facet normal 0.2834952 -0.9589711 0.002222239
 outer loop
  vertex 5.7855415 -4.5554595 0.122983
  vertex 6.3379645 -4.3921595 0.118816
  vertex 6.3379645 -4.3897743 1.148084
 endloop
endfacet
facet normal -7.3207575e-06 -0.02548586 -0.99967515
 outer loop
  vertex 5.7855415 -4.5554595 0.122983
  vertex 5.7788606 -4.5332956 0.122418
  vertex 6.3308153 -4.3701224 0.118254
 endloop
endfacet
facet normal -3.8943986e-06 -0.025494121 -0.9996749
 outer loop
  vertex 3.7898695 -5.0261216 0.134994
  vertex 3.7843156 -5.0036917 0.134422
  vertex 5.7788606 -4.5332956 0.122418
 endloop
endfacet
facet normal 7.793615e-07 -0.02551286 -0.9996745
 outer loop
  vertex 1.9119567 -5.370699 0.143787
  vertex 1.9082236 -5.347934 0.143206
  vertex 3.7843156 -5.0036917 0.134422
 endloop
endfacet
facet normal -0 0 1
 outer loop
  vertex 1.9119567 -5.368951 1.148084
  vertex 1.9082236 -5.346171 1.148084
  vertex -4.1703404e-07 -5.523783 1.148084
 endloop
endfacet
facet normal -0.18048434 0.983576 -0.0019293937
 outer loop
  vertex 3.7843156 -5.0017033 1.148084
  vertex 3.7843156 -5.0036917 0.134422
  vertex 1.9082236 -5.347934 0.143206
 endloop
endfacet
facet normal 1.1916869e-06 -0.02551663 -0.9996744
 outer loop
  vertex 3.7843158 -2.0274522 0.058471
  vertex 5.778861 -1.6314325 0.048365
  vertex 5.781528 -1.6544294 0.048952
 endloop
endfacet
facet normal 0.22955586 -0.9732931 0.00216273
 outer loop
  vertex 3.7898695 -5.0261216 0.134994
  vertex 5.7855415 -4.5554595 0.122983
  vertex 5.7855415 -4.5531816 1.148084
 endloop
endfacet
facet normal 4.1357125e-06 -0.025493098 -0.99967504
 outer loop
  vertex -5.7788615 -4.5332947 0.122418
  vertex -3.7843165 -5.0036907 0.134422
  vertex -3.7898705 -5.0261216 0.134994
 endloop
endfacet
facet normal -0.08882153 0.9960461 0.0016560004
 outer loop
  vertex 3.7843158 -2.0291631 1.087533
  vertex 3.7843158 -2.0274522 0.058471
  vertex 1.4470689 -2.235883 0.06379
 endloop
endfacet
facet normal 0 -0 1
 outer loop
  vertex 5.7788606 -4.5310016 1.148084
  vertex 3.7843156 -5.0017033 1.148084
  vertex 3.7898695 -5.0241485 1.148084
 endloop
endfacet
facet normal 0 -0 1
 outer loop
  vertex -3.7843165 -5.0017037 1.148084
  vertex -3.7898705 -5.0241475 1.148084
  vertex -1.9119574 -5.368951 1.148084
 endloop
endfacet
facet normal -4.6040846e-06 -0.025526177 -0.9996742
 outer loop
  vertex -6.3308163 -4.3701215 0.118254
  vertex -5.7788615 -4.5332947 0.122418
  vertex -5.7855425 -4.5554595 0.122984
 endloop
endfacet
facet normal 0 -0 1
 outer loop
  vertex -5.7788615 -4.5310016 1.148084
  vertex -5.7855425 -4.5531807 1.148084
  vertex -3.7898705 -5.0241475 1.148084
 endloop
endfacet
facet normal 0 -0 1
 outer loop
  vertex -4.822807 -0.33908063 7.98667
  vertex -5.146117 -0.6366806 7.98667
  vertex -4.822807 -0.93428165 7.98667
 endloop
endfacet
facet normal 0 -0 1
 outer loop
  vertex -6.3308163 -4.3677225 1.148084
  vertex -6.3379655 -4.3897734 1.148084
  vertex -5.7855425 -4.5531807 1.148084
 endloop
endfacet
facet normal -0.9512056 0.30855697 -0.00071877707
 outer loop
  vertex -6.3308163 -4.3677225 1.148084
  vertex -6.3308163 -4.3701215 0.118254
  vertex -6.3379655 -4.3921595 0.118816
 endloop
endfacet
facet normal -1 0 0
 outer loop
  vertex -6.33439 -1.6328845 1.087533
  vertex -6.33439 -1.6314316 0.048365
  vertex -6.33439 -1.6544285 0.048952
 endloop
endfacet
facet normal 4.9038405e-08 -0.025512764 -0.9996745
 outer loop
  vertex -4.1715845e-07 -5.525431 0.147736
  vertex -4.1890382e-07 -5.548549 0.148326
  vertex -1.9119574 -5.3707 0.143787
 endloop
endfacet
facet normal 0.034272537 0.9994097 0.0024057943
 outer loop
  vertex -2.3798569e-07 -3.152216 0.087174
  vertex -1.4470693 -3.102589 0.085908
  vertex -1.4470693 -3.105 1.087533
 endloop
endfacet
facet normal 0.1947429 -0.9808533 -0.0013854494
 outer loop
  vertex 3.7881718 -2.0502133 0.059052
  vertex 5.781528 -1.6544294 0.048952
  vertex 5.781528 -1.6558964 1.087533
 endloop
endfacet
facet normal -1.3634049e-07 -0.025497908 -0.9996749
 outer loop
  vertex -2.397232e-07 -3.17523 0.087761
  vertex -2.3798569e-07 -3.152216 0.087174
  vertex 1.4470688 -3.102589 0.085908
 endloop
endfacet
facet normal 0 -0 -1
 outer loop
  vertex -2.4082053 9.619884 1.443854
  vertex -6.532641 9.6198845 1.443854
  vertex -6.5324 9.66021 1.443854
 endloop
endfacet
facet normal -0 -0.999999 -0.0014124926
 outer loop
  vertex -6.33439 -1.6544285 0.048952
  vertex -5.781528 -1.6544285 0.048952
  vertex -5.781528 -1.6558955 1.087533
 endloop
endfacet
facet normal 0.088821724 0.9960461 0.0016560004
 outer loop
  vertex -1.4470692 -2.235883 0.06379
  vertex -3.7843163 -2.0274518 0.058471
  vertex -3.7843163 -2.0291626 1.087533
 endloop
endfacet
facet normal -0 0 1
 outer loop
  vertex 5.781528 -1.6558964 1.087533
  vertex 5.778861 -1.6328845 1.087533
  vertex 3.7843158 -2.0291631 1.087533
 endloop
endfacet
facet normal 1 -1.3754929e-07 -2.481653e-10
 outer loop
  vertex -1.4470693 -3.102589 0.085908
  vertex -1.4470692 -2.235883 0.06379
  vertex -1.4470692 -2.23773 1.087533
 endloop
endfacet
facet normal 1.1020682e-06 -0.025523309 -0.99967426
 outer loop
  vertex 1.4720689 -2.256758 0.064323
  vertex 1.4470689 -2.235883 0.06379
  vertex 3.7843158 -2.0274522 0.058471
 endloop
endfacet
facet normal 0.09262122 0.9956999 -0.0017467656
 outer loop
  vertex -4.1715845e-07 -5.525431 0.147736
  vertex -1.9082243 -5.347934 0.143206
  vertex -1.9082243 -5.346171 1.148084
 endloop
endfacet
facet normal -0.19474317 -0.9808533 -0.0013854494
 outer loop
  vertex -5.781528 -1.6558955 1.087533
  vertex -5.781528 -1.6544285 0.048952
  vertex -3.7881722 -2.0502129 0.059052
 endloop
endfacet
facet normal -0.08882186 -0.99604607 -0.0016714825
 outer loop
  vertex -3.7881722 -2.0519388 1.087533
  vertex -3.7881722 -2.0502129 0.059052
  vertex -1.4720691 -2.256759 0.064323
 endloop
endfacet
facet normal -0 0.999999 0.0013972406
 outer loop
  vertex 6.33439 -1.6314325 0.048365
  vertex 5.778861 -1.6314325 0.048365
  vertex 5.778861 -1.6328845 1.087533
 endloop
endfacet
facet normal 1 -1.3734932e-07 -2.498218e-10
 outer loop
  vertex 1.4720688 -3.124726 0.086472
  vertex 1.4720689 -2.256758 0.064323
  vertex 1.4720689 -2.258619 1.087533
 endloop
endfacet
facet normal 0.99329555 -0.115602866 0
 outer loop
  vertex -3.2617507 2.3992343 5.6610613
  vertex -3.2617507 2.3992343 1.443854
  vertex -3.2570577 2.4395583 1.443854
 endloop
endfacet
facet normal 0.18048479 0.9835759 -0.0019280055
 outer loop
  vertex -1.9082243 -5.347934 0.143206
  vertex -3.7843165 -5.0036907 0.134422
  vertex -3.7843165 -5.0017037 1.148084
 endloop
endfacet
facet normal -0.19474283 0.9808533 0.0013704894
 outer loop
  vertex 5.778861 -1.6328845 1.087533
  vertex 5.778861 -1.6314325 0.048365
  vertex 3.7843158 -2.0274522 0.058471
 endloop
endfacet
facet normal -1 1.3725362e-07 3.3261224e-10
 outer loop
  vertex -1.4720693 -3.124726 0.086473
  vertex -1.4720693 -3.127152 1.087533
  vertex -1.4720691 -2.258619 1.087533
 endloop
endfacet
facet normal -0.03431035 -0.99940825 -0.0024581545
 outer loop
  vertex -2.397232e-07 -3.17523 0.087761
  vertex -2.3990884e-07 -3.177689 1.087533
  vertex -1.4720693 -3.127152 1.087533
 endloop
endfacet
facet normal 0.034285765 -0.9994092 -0.0024209542
 outer loop
  vertex -2.397232e-07 -3.17523 0.087761
  vertex 1.4720688 -3.124726 0.086472
  vertex 1.4720688 -3.127151 1.087533
 endloop
endfacet
facet normal -2.9068674e-06 -0.025511099 -0.9996745
 outer loop
  vertex -1.4470693 -3.102589 0.085908
  vertex -1.4720693 -3.124726 0.086473
  vertex -1.4720691 -2.256759 0.064323
 endloop
endfacet
facet normal 1.3634049e-07 -0.025497908 -0.9996749
 outer loop
  vertex -1.4470693 -3.102589 0.085908
  vertex -2.3798569e-07 -3.152216 0.087174
  vertex -2.397232e-07 -3.17523 0.087761
 endloop
endfacet
facet normal -0 -0.999999 -0.0014124926
 outer loop
  vertex 5.781528 -1.6558964 1.087533
  vertex 5.781528 -1.6544294 0.048952
  vertex 6.33439 -1.6544294 0.048952
 endloop
endfacet
facet normal -1.3527539e-06 -0.025517458 -0.9996743
 outer loop
  vertex -3.7843163 -2.0274518 0.058471
  vertex -3.7881722 -2.0502129 0.059052
  vertex -5.781528 -1.6544285 0.048952
 endloop
endfacet
facet normal -1.0128584e-06 -0.025522249 -0.9996743
 outer loop
  vertex -3.7843163 -2.0274518 0.058471
  vertex -1.4470692 -2.235883 0.06379
  vertex -1.4720691 -2.256759 0.064323
 endloop
endfacet
facet normal -0 -0.025516767 -0.9996744
 outer loop
  vertex 5.781528 -1.6544294 0.048952
  vertex 5.778861 -1.6314325 0.048365
  vertex 6.33439 -1.6314325 0.048365
 endloop
endfacet
facet normal 1 0 0
 outer loop
  vertex 6.33439 -1.6544294 0.048952
  vertex 6.33439 -1.6314325 0.048365
  vertex 6.33439 -1.6328855 1.087533
 endloop
endfacet
facet normal -0 -0.025516767 -0.9996744
 outer loop
  vertex -6.33439 -1.6314316 0.048365
  vertex -5.778861 -1.6314316 0.048365
  vertex -5.781528 -1.6544285 0.048952
 endloop
endfacet
facet normal 0 -0 1
 outer loop
  vertex 3.7843158 -2.0291631 1.087533
  vertex 1.4470689 -2.23773 1.087533
  vertex 1.4720689 -2.258619 1.087533
 endloop
endfacet
facet normal -0 0 1
 outer loop
  vertex 1.4720689 -2.258619 1.087533
  vertex 1.4470689 -2.23773 1.087533
  vertex 1.4470688 -3.105 1.087533
 endloop
endfacet
facet normal 0 0 1
 outer loop
  vertex 1.4470688 -3.105 1.087533
  vertex -2.381702e-07 -3.15466 1.087533
  vertex -2.3990884e-07 -3.177689 1.087533
 endloop
endfacet
facet normal 0 -0 1
 outer loop
  vertex 6.3308153 -4.3677235 1.148084
  vertex 5.7788606 -4.5310016 1.148084
  vertex 5.7855415 -4.5531816 1.148084
 endloop
endfacet
facet normal -0 -0 1
 outer loop
  vertex 6.33439 -1.6328855 1.087533
  vertex 5.778861 -1.6328845 1.087533
  vertex 5.781528 -1.6558964 1.087533
 endloop
endfacet
facet normal 0 -0 1
 outer loop
  vertex -3.7843163 -2.0291626 1.087533
  vertex -3.7881722 -2.0519388 1.087533
  vertex -1.4720691 -2.258619 1.087533
 endloop
endfacet
facet normal 0 -0 1
 outer loop
  vertex -6.33439 -1.6328845 1.087533
  vertex -6.33439 -1.6558965 1.087533
  vertex -5.781528 -1.6558955 1.087533
 endloop
endfacet
facet normal 0.08882126 -0.9960462 -0.0016714826
 outer loop
  vertex 1.4720689 -2.256758 0.064323
  vertex 3.7881718 -2.0502133 0.059052
  vertex 3.7881718 -2.0519392 1.087533
 endloop
endfacet
facet normal -0.22955585 -0.9732931 0.0021636377
 outer loop
  vertex -5.7855425 -4.5531807 1.148084
  vertex -5.7855425 -4.5554595 0.122984
  vertex -3.7898705 -5.0261216 0.134994
 endloop
endfacet
facet normal -0 0 1
 outer loop
  vertex -3.7843163 -2.0291626 1.087533
  vertex -5.778861 -1.6328835 1.087533
  vertex -5.781528 -1.6558955 1.087533
 endloop
endfacet
facet normal -0 0 1
 outer loop
  vertex -1.4470693 -3.105 1.087533
  vertex -1.4470692 -2.23773 1.087533
  vertex -1.4720691 -2.258619 1.087533
 endloop
endfacet
facet normal -1 1.3745348e-07 3.3088016e-10
 outer loop
  vertex 1.4470688 -3.102589 0.085908
  vertex 1.4470688 -3.105 1.087533
  vertex 1.4470689 -2.23773 1.087533
 endloop
endfacet
facet normal 1.1124741e-05 -0.025511311 -0.99967456
 outer loop
  vertex 1.4470688 -3.102589 0.085908
  vertex 1.4470689 -2.235883 0.06379
  vertex 1.4720689 -2.256758 0.064323
 endloop
endfacet
facet normal -0 -1 -0
 outer loop
  vertex 4.564554 -0.89387834 2.392687
  vertex 4.622152 -0.89387834 2.392686
  vertex 4.621974 -0.89387834 3.299142
 endloop
endfacet
facet normal -1.2603913e-07 -1 0
 outer loop
  vertex 2.7830296 6.299851 5.6610613
  vertex 2.7830296 6.299851 1.443854
  vertex 6.5662766 6.2998505 1.443854
 endloop
endfacet
facet normal -1 -0 0
 outer loop
  vertex 8.495783 0.91655034 1.465479
  vertex 8.495783 11.000225 2.578928
  vertex 8.495783 11.000225 1.46312
 endloop
endfacet
facet normal -0.0035156172 0.025491368 0.99966884
 outer loop
  vertex -6.8750725 -2.5135095 0.04875374
  vertex -8.495783 6.4141375e-07 -0.02104
  vertex -6.8750725 -4.3653717 0.095975876
 endloop
endfacet
facet normal 0 0 -1
 outer loop
  vertex 7.479495 11.159298 5.874201
  vertex 8.495783 11.000229 5.874201
  vertex 7.4794965 11.000229 5.874201
 endloop
endfacet
facet normal -1 -0 0
 outer loop
  vertex 8.495783 11.000225 9.074413
  vertex 8.495783 14.342667 10.037557
  vertex 8.495783 14.342663 9.074413
 endloop
endfacet
facet normal -5.612634e-08 -1 -1.0243667e-06
 outer loop
  vertex -8.495783 11.000226 9.074413
  vertex -1.0631212 11.000229 5.874201
  vertex 8.495783 11.000225 9.074413
 endloop
endfacet
facet normal -2.5659385e-06 0.023311786 0.99972826
 outer loop
  vertex 0.833007 6.289028e-08 -0.005798
  vertex -6.3343906 -4.3653717 0.095975876
  vertex 6.33439 -4.3639827 0.095976
 endloop
endfacet
facet normal 1 0 -0
 outer loop
  vertex -8.495783 0.91655034 1.465479
  vertex -8.495783 -11.8001175 0.284704
  vertex -8.495783 6.4141375e-07 -0.02104
 endloop
endfacet
facet normal 1 9.056223e-06 -8.6766954e-07
 outer loop
  vertex 7.479492 11.158188 2.576836
  vertex 7.4794965 11.000229 5.874201
  vertex 7.4794936 11.000229 2.576836
 endloop
endfacet
facet normal 0 0 1
 outer loop
  vertex 1.0631212 11.000229 1.462074
  vertex 3.016213 0.2930392 1.462074
  vertex 5.185291 0.91655034 1.462074
 endloop
endfacet
facet normal -0 -1 -1.1920137e-06
 outer loop
  vertex 8.495783 11.000225 9.074413
  vertex 7.4794965 11.000229 5.874201
  vertex 8.495783 11.000229 5.874201
 endloop
endfacet
facet normal -3.5276792e-06 -1 -5.5429227e-05
 outer loop
  vertex 6.3343906 -1.6300385 0.026209
  vertex 6.8750725 -1.6305344 8.938534
  vertex 6.3343916 -1.6305325 8.938534
 endloop
endfacet
facet normal -1 -0 -0
 outer loop
  vertex 8.495783 14.342667 2.578928
  vertex 8.495783 11.000229 5.874201
  vertex 8.495783 14.342667 5.874201
 endloop
endfacet
facet normal 8.9991985e-08 0.025510298 0.99967456
 outer loop
  vertex 6.8750725 -1.6300384 0.026209
  vertex 6.3343906 -2.5135095 0.048754
  vertex 6.8750725 -2.5135114 0.048754
 endloop
endfacet
facet normal -1.1805967e-07 -0.32716268 0.94496804
 outer loop
  vertex -8.495783 -11.8001175 0.284704
  vertex -6.8750725 -12.683221 -0.021039963
  vertex -6.8750725 -11.8001175 0.2847042
 endloop
endfacet
facet normal -5.6126336e-08 -1 0
 outer loop
  vertex 8.495783 14.342667 2.578928
  vertex -8.495783 14.342668 5.874201
  vertex -8.495783 14.342668 2.578928
 endloop
endfacet
facet normal 0 1 0
 outer loop
  vertex -6.3343906 -2.5135095 0.048754
  vertex -6.8750725 -2.5135095 8.938534
  vertex -6.3343906 -2.5135095 8.938534
 endloop
endfacet
facet normal 1 -0 0
 outer loop
  vertex -6.3343906 -8.093652 0.19113302
  vertex -6.3343906 -5.1856813 8.938534
  vertex -6.3343906 -8.093652 8.938534
 endloop
endfacet
facet normal -4.0489255e-07 -0.99999857 -0.0016573779
 outer loop
  vertex -6.8750725 0.91655064 1.4620743
  vertex -8.495783 0.9189841 -0.005798
  vertex -6.8750725 0.91898346 -0.00579834
 endloop
endfacet
facet normal 0 -1 -2.5655346e-13
 outer loop
  vertex 0.833007 6.289028e-08 -0.005798
  vertex -0.833002 6.28899e-08 1.462074
  vertex -0.833007 6.289028e-08 -0.005798
 endloop
endfacet
facet normal 1 1.5081534e-08 8.3811943e-07
 outer loop
  vertex -4.994501 0.9811292 7.961689
  vertex -4.9944944 0.54355025 0.004444599
  vertex -4.9944944 0.9811292 -0.0034294128
 endloop
endfacet
facet normal 0 0 1
 outer loop
  vertex 5.185298 0.91898334 -0.005798
  vertex 6.869768 5.1865305e-07 -0.005798
  vertex 6.875073 0.91898346 -0.005798
 endloop
endfacet
facet normal 3.5276505e-06 0.99999547 -0.0029989872
 outer loop
  vertex 6.8750653 1.4208112 0.00050735474
  vertex 6.334389 1.4447005 7.965626
  vertex 6.875072 1.4446986 7.965626
 endloop
endfacet
facet normal -1 -0 -0
 outer loop
  vertex -6.8750725 1.4446983 0.00050735474
  vertex -6.8750725 -0.15277576 7.965626
  vertex -6.8750725 1.4446983 7.965626
 endloop
endfacet
facet normal -1 5.9953477e-06 -8.696879e-07
 outer loop
  vertex -7.479492 11.158189 2.576836
  vertex -7.479496 11.00023 5.874201
  vertex -7.479495 11.159299 5.874201
 endloop
endfacet
facet normal -1 -1.3938877e-06 8.4229964e-07
 outer loop
  vertex 6.3343835 0.5314091 0.00050735474
  vertex 6.334391 -0.12888652 7.965626
  vertex 6.33439 0.5552965 7.965626
 endloop
endfacet
facet normal -5.5478555e-08 0.011901353 0.9999292
 outer loop
  vertex -6.8750725 4.7683716e-07 -0.00579834
  vertex -6.3343906 -0.7042656 0.002584003
  vertex -0.833007 6.289028e-08 -0.005798
 endloop
endfacet
facet normal 1.4107124e-07 0.00010375835 1
 outer loop
  vertex -5.185291 0.9165504 1.462074
  vertex -7.479493 11.00023 1.4610281
  vertex -6.8750725 0.91655064 1.4620743
 endloop
endfacet
facet normal 0.009372755 0.0119709615 0.9998845
 outer loop
  vertex 6.875072 -0.70426553 0.002584
  vertex 8.495783 6.4141375e-07 -0.02104
  vertex 6.869768 5.1865305e-07 -0.005798
 endloop
endfacet
facet normal -2.5172179e-08 -0.3271625 0.94496804
 outer loop
  vertex -6.3343906 -11.8001175 0.284704
  vertex 6.334392 -12.683222 -0.02104
  vertex 6.334391 -11.800118 0.284704
 endloop
endfacet
facet normal -1 -0 0
 outer loop
  vertex -6.8750725 -8.093652 0.19113255
  vertex -6.8750725 -5.1856813 8.938534
  vertex -6.8750725 -5.1856813 0.11694527
 endloop
endfacet
facet normal 0 0 1
 outer loop
  vertex -1.0631222 11.158188 1.462074
  vertex 1.0631212 11.000229 1.462074
  vertex 1.0631222 11.158188 1.462074
 endloop
endfacet
facet normal 0.0001630115 6.663848e-05 1
 outer loop
  vertex 5.185291 0.91655034 1.462074
  vertex 7.479492 11.00023 1.4610281
  vertex 1.0631212 11.000229 1.462074
 endloop
endfacet
facet normal 1 0 0
 outer loop
  vertex -8.495783 0.91655034 1.465479
  vertex -8.495783 11.000226 9.074413
  vertex -8.495783 -12.683223 10.037557
 endloop
endfacet
facet normal -0.0020583484 0 0.9999979
 outer loop
  vertex 7.479492 11.158188 2.576836
  vertex 8.495783 11.000225 2.578928
  vertex 8.495783 14.342667 2.578928
 endloop
endfacet
facet normal -0 1 0
 outer loop
  vertex -6.3343906 1.4446983 7.965626
  vertex -6.8750725 1.4446983 0.00050735474
  vertex -6.8750725 1.4446983 7.965626
 endloop
endfacet
facet normal 0.27694407 -0.96088475 -0.0015913445
 outer loop
  vertex 5.185291 0.91655034 1.462074
  vertex 3.016219 0.2938162 -0.005798
  vertex 5.185298 0.91898334 -0.005798
 endloop
endfacet
facet normal 1 0 -8.381194e-07
 outer loop
  vertex 6.875072 -0.12888847 7.965626
  vertex 6.8750653 1.4208112 0.00050735474
  vertex 6.875072 1.4446986 7.965626
 endloop
endfacet
facet normal -0.002234654 0.02590149 0.99966204
 outer loop
  vertex -8.495783 -11.8001175 0.284704
  vertex -6.8750725 -5.1856813 0.11694527
  vertex -8.495783 6.4141375e-07 -0.02104
 endloop
endfacet
facet normal -1 -0 0
 outer loop
  vertex -6.8750725 -4.3653717 0.095975876
  vertex -6.8750725 -2.5135095 8.938534
  vertex -6.8750725 -2.5135095 0.04875374
 endloop
endfacet
facet normal 0 -1 -0.00029785285
 outer loop
  vertex 6.334391 -8.092927 0.191133
  vertex 6.875073 -8.095532 8.938534
  vertex 6.334391 -8.095532 8.938534
 endloop
endfacet
facet normal 0.0020583484 0 0.9999979
 outer loop
  vertex -8.495783 11.000226 2.578928
  vertex -7.479492 11.158189 2.576836
  vertex -8.495783 14.342668 2.578928
 endloop
endfacet
facet normal 0.0017426673 0.025510818 0.999673
 outer loop
  vertex 0.833007 6.289028e-08 -0.005798
  vertex 6.3343906 -1.6300385 0.026209
  vertex 6.33439 -0.7042635 0.002584
 endloop
endfacet
facet normal -0.0017425193 0.02551032 0.999673
 outer loop
  vertex -6.3343906 -2.5135095 0.048754
  vertex -0.833007 6.289028e-08 -0.005798
  vertex -6.3343906 -1.6300385 0.026209004
 endloop
endfacet
facet normal -5.8843e-07 1 0
 outer loop
  vertex 6.875073 -12.683222 8.938534
  vertex 8.495783 -12.683221 -0.02104
  vertex 6.875073 -12.683222 -0.02104
 endloop
endfacet
facet normal 0.13303092 -0.9911119 4.2398133e-07
 outer loop
  vertex 0.833007 6.289028e-08 -0.005798
  vertex 3.016213 0.2930392 1.462074
  vertex 0.833002 6.28899e-08 1.462074
 endloop
endfacet
facet normal 7.3836613e-06 0.025506645 0.9996746
 outer loop
  vertex 6.875073 -8.092928 0.191133
  vertex 6.334391 -8.792949 0.208998
  vertex 6.875073 -8.792949 0.208994
 endloop
endfacet
facet normal -0.003486556 0.025510132 0.9996685
 outer loop
  vertex -6.8750725 -0.7042656 0.0025844574
  vertex -8.495783 6.4141375e-07 -0.02104
  vertex -6.8750725 -1.6300385 0.026208878
 endloop
endfacet
facet normal 0 -1 0
 outer loop
  vertex 1.0631222 11.158188 1.462074
  vertex -1.0631222 11.158188 2.576836
  vertex -1.0631222 11.158188 1.462074
 endloop
endfacet
facet normal 0 -1 0
 outer loop
  vertex -6.3343906 -8.093652 0.19113302
  vertex -6.8750725 -8.093652 8.938534
  vertex -6.8750725 -8.093652 0.19113255
 endloop
endfacet
facet normal 0 1 0
 outer loop
  vertex -6.3343906 -0.7042656 0.002584003
  vertex -6.8750725 -0.7042656 8.938534
  vertex -6.3343906 -0.7042656 8.938534
 endloop
endfacet
facet normal -1 0 0
 outer loop
  vertex 8.495783 11.000225 9.074413
  vertex 8.495783 0.91655034 1.465479
  vertex 8.495783 -12.683223 10.037557
 endloop
endfacet
facet normal 0.0021007634 0.00022967046 0.9999978
 outer loop
  vertex -7.479493 11.00023 1.4610281
  vertex -8.495783 0.91655034 1.465479
  vertex -6.8750725 0.91655064 1.4620743
 endloop
endfacet
facet normal 0 -0.0006569 0.99999976
 outer loop
  vertex 1.0631222 11.158188 2.576836
  vertex 8.495783 14.342667 2.578928
  vertex -1.0631222 11.158188 2.576836
 endloop
endfacet
facet normal -0.00028594222 -0.99999547 0.0029989872
 outer loop
  vertex 4.9944944 0.531804 0.004444599
  vertex 6.33439 0.5552965 7.965626
  vertex 4.994501 0.5556914 7.969563
 endloop
endfacet
facet normal -1 0 0
 outer loop
  vertex -6.8750725 -8.793745 8.938534
  vertex -6.8750725 -11.8001175 0.2847042
  vertex -6.8750725 -12.683221 8.938534
 endloop
endfacet
facet normal 1.9555768e-09 0.025173796 0.9996831
 outer loop
  vertex 6.334391 -11.800118 0.284704
  vertex -6.3343906 -8.793745 0.2089982
  vertex -6.3343906 -11.8001175 0.284704
 endloop
endfacet
facet normal -1 -0 0
 outer loop
  vertex -6.8750725 -1.6300385 0.026208878
  vertex -6.8750725 -0.7042656 8.938534
  vertex -6.8750725 -0.7042656 0.0025844574
 endloop
endfacet
facet normal 1.4863136e-07 0.9999999 -0.00033665576
 outer loop
  vertex -7.479492 11.158189 2.576836
  vertex -1.0631222 11.159298 5.874201
  vertex -1.0631222 11.158188 2.576836
 endloop
endfacet
facet normal 0 -1 0
 outer loop
  vertex -4.9944944 0.54355025 0.004444599
  vertex -6.3343906 0.54355025 7.965626
  vertex -6.3343906 0.54355025 0.00050735474
 endloop
endfacet
facet normal 0 0 1
 outer loop
  vertex -8.495783 14.342664 9.074413
  vertex 8.495783 11.000225 9.074413
  vertex 8.495783 14.342663 9.074413
 endloop
endfacet
facet normal -1 -2.1109543e-06 8.4445014e-07
 outer loop
  vertex 6.3343825 1.4208131 0.00050735474
  vertex 6.33439 0.9929265 7.965626
  vertex 6.334389 1.4447005 7.965626
 endloop
endfacet
facet normal 1 -0 0
 outer loop
  vertex -6.3343906 -4.3653717 0.095975876
  vertex -6.3343906 -2.5135095 8.938534
  vertex -6.3343906 -4.3653717 8.938534
 endloop
endfacet
facet normal 0.0006277684 0.025506636 0.9996745
 outer loop
  vertex 6.875073 -8.792949 0.208994
  vertex 8.495783 -11.800118 0.284704
  vertex 6.875073 -8.092928 0.191133
 endloop
endfacet
facet normal -1.486314e-07 -1 0
 outer loop
  vertex -1.0631212 11.000229 5.874201
  vertex -7.479493 11.00023 2.576836
  vertex -1.0631212 11.000229 1.462074
 endloop
endfacet
facet normal 2.3678177e-09 1 0.00032457226
 outer loop
  vertex 6.334391 -8.792949 0.208998
  vertex 6.875073 -8.795782 8.938534
  vertex 6.875073 -8.792949 0.208994
 endloop
endfacet
facet normal -6.968296e-08 -2.4177191e-07 1
 outer loop
  vertex -5.185298 0.9189834 -0.005798
  vertex -6.8750725 4.7683716e-07 -0.00579834
  vertex -3.016219 0.29381624 -0.005798
 endloop
endfacet
facet normal -0.276267 -0.9610808 -0.00050761853
 outer loop
  vertex -5.185291 0.9165504 1.462074
  vertex -3.016219 0.29381624 -0.005798
  vertex -3.016213 0.29303923 1.462074
 endloop
endfacet
facet normal -1.2867822e-07 0.02517529 0.999683
 outer loop
  vertex -6.8750725 -8.793745 0.20899391
  vertex -8.495783 -11.8001175 0.284704
  vertex -6.8750725 -11.8001175 0.2847042
 endloop
endfacet
facet normal 0.00063551037 0.025510017 0.9996743
 outer loop
  vertex 8.495783 -11.800118 0.284704
  vertex 6.8750725 -5.1856837 0.116945
  vertex 6.875073 -8.092928 0.191133
 endloop
endfacet
facet normal -0 -0 -1
 outer loop
  vertex -1.0631222 11.159298 5.874201
  vertex -8.495783 14.342668 5.874201
  vertex 8.495783 14.342667 5.874201
 endloop
endfacet
facet normal -0.13337733 -0.9910652 -0.0005240707
 outer loop
  vertex -0.833007 6.289028e-08 -0.005798
  vertex -3.016213 0.29303923 1.462074
  vertex -3.016219 0.29381624 -0.005798
 endloop
endfacet
facet normal -0.009402602 -0.016582705 0.9998183
 outer loop
  vertex -6.8750725 4.7683716e-07 -0.00579834
  vertex -8.495783 0.9189841 -0.005798
  vertex -8.495783 6.4141375e-07 -0.02104
 endloop
endfacet
facet normal 0 1 0
 outer loop
  vertex -6.3343906 -8.793745 0.2089982
  vertex -6.8750725 -8.793745 8.938534
  vertex -6.3343906 -8.793745 8.938534
 endloop
endfacet
facet normal -1 5.9953477e-06 -2.0183684e-09
 outer loop
  vertex 1.0631222 11.158188 2.576836
  vertex 1.0631212 11.000229 5.874201
  vertex 1.0631222 11.159298 5.874201
 endloop
endfacet
facet normal 1 -2.5759968e-07 -4.0353724e-11
 outer loop
  vertex 6.875072 -4.3639865 0.095976
  vertex 6.8750725 -2.5142934 8.938534
  vertex 6.875072 -4.3653717 8.938534
 endloop
endfacet
facet normal 1 0 0
 outer loop
  vertex -6.3343906 0.9811292 7.965626
  vertex -6.3343906 1.4446983 0.00050735474
  vertex -6.3343906 1.4446983 7.965626
 endloop
endfacet
facet normal 0 1 0
 outer loop
  vertex -6.3343906 0.9811292 0.00050735474
  vertex -4.994501 0.9811292 7.961689
  vertex -4.9944944 0.9811292 -0.0034294128
 endloop
endfacet
facet normal 0 0 -1
 outer loop
  vertex 8.495783 14.342667 5.874201
  vertex 1.0631222 11.159298 5.874201
  vertex -1.0631222 11.159298 5.874201
 endloop
endfacet
facet normal 4.460642e-08 0.01190091 0.9999292
 outer loop
  vertex 6.869768 5.1865305e-07 -0.005798
  vertex 6.33439 -0.7042635 0.002584
  vertex 6.875072 -0.70426553 0.002584
 endloop
endfacet
facet normal 0 0.9999999 -0.00033665574
 outer loop
  vertex 7.479492 11.158188 2.576836
  vertex 1.0631222 11.159298 5.874201
  vertex 7.479495 11.159298 5.874201
 endloop
endfacet
facet normal -0 -1 0
 outer loop
  vertex 1.0631212 11.000229 5.874201
  vertex 7.4794936 11.000229 2.576836
  vertex 7.4794965 11.000229 5.874201
 endloop
endfacet
facet normal 1 0 0
 outer loop
  vertex -6.3343906 -0.15277576 7.965626
  vertex -6.3343906 0.54355025 0.00050735474
  vertex -6.3343906 0.54355025 7.965626
 endloop
endfacet
facet normal 1 -0 0
 outer loop
  vertex -6.3343906 -1.6300385 0.026209004
  vertex -6.3343906 -0.7042656 8.938534
  vertex -6.3343906 -1.6300385 8.938534
 endloop
endfacet
facet normal 3.7535528e-06 -1 0
 outer loop
  vertex -8.495783 11.000226 1.46312
  vertex -7.479493 11.00023 2.576836
  vertex -8.495783 11.000226 2.578928
 endloop
endfacet
facet normal 0.00022745301 0.99999547 -0.0029989874
 outer loop
  vertex 6.3343835 0.9690391 0.00050735474
  vertex 4.994501 0.99321944 7.961689
  vertex 6.33439 0.9929265 7.965626
 endloop
endfacet
facet normal 0 0.025554098 0.9996734
 outer loop
  vertex 6.3343906 -5.1856813 0.116945
  vertex -6.3343906 -4.3653717 0.095975876
  vertex -6.3343906 -5.1856813 0.116945
 endloop
endfacet
facet normal 0 -1 0
 outer loop
  vertex -6.3343906 -4.3653717 0.095975876
  vertex -6.8750725 -4.3653717 8.938534
  vertex -6.8750725 -4.3653717 0.095975876
 endloop
endfacet
facet normal 0 1 -0
 outer loop
  vertex -6.8750725 -5.1856813 0.11694527
  vertex -6.3343906 -5.1856813 8.938534
  vertex -6.3343906 -5.1856813 0.116945
 endloop
endfacet
facet normal 7.937278e-06 1 0.00018816
 outer loop
  vertex 6.8750725 -5.1856837 0.116945
  vertex 6.3343916 -5.1873393 8.938534
  vertex 6.8750725 -5.1873436 8.938534
 endloop
endfacet
facet normal 3.5277176e-06 1 8.796764e-05
 outer loop
  vertex 6.3343906 -2.5135095 0.048754
  vertex 6.8750725 -2.5142934 8.938534
  vertex 6.8750725 -2.5135114 0.048754
 endloop
endfacet
facet normal 3.4016643e-06 -0.9999986 -0.0016541912
 outer loop
  vertex 6.875067 0.91655046 1.462074
  vertex 8.495783 0.9189841 -0.005798
  vertex 8.495783 0.91655034 1.465479
 endloop
endfacet
facet normal -1.0482735e-06 1 1.8962372e-07
 outer loop
  vertex -6.8750725 -12.683221 8.938534
  vertex -8.495783 -12.683221 -0.02104
  vertex -8.495783 -12.683223 10.037557
 endloop
endfacet
facet normal -1.4136626e-07 -0.9999986 -0.0016575005
 outer loop
  vertex -6.8750725 0.91655064 1.4620743
  vertex -5.185298 0.9189834 -0.005798
  vertex -5.185291 0.9165504 1.462074
 endloop
endfacet
facet normal 7.0547344e-08 -0.9999986 -0.0016575007
 outer loop
  vertex 6.875067 0.91655046 1.462074
  vertex 5.185298 0.91898334 -0.005798
  vertex 6.875073 0.91898346 -0.005798
 endloop
endfacet
facet normal 1 5.1490133e-07 2.8657665e-11
 outer loop
  vertex 6.8750725 -1.6300384 0.026209
  vertex 6.875072 -0.70445955 8.938534
  vertex 6.8750725 -1.6305344 8.938534
 endloop
endfacet
facet normal 0 0 -1
 outer loop
  vertex -1.0631222 11.159298 5.874201
  vertex 1.0631212 11.000229 5.874201
  vertex -1.0631212 11.000229 5.874201
 endloop
endfacet
facet normal 1 0 -0
 outer loop
  vertex -6.3343906 -8.793745 8.938534
  vertex -6.3343906 -11.8001175 0.284704
  vertex -6.3343906 -8.793745 0.2089982
 endloop
endfacet
facet normal -1.4584016e-06 0.02551231 0.9996745
 outer loop
  vertex -6.3343906 -8.093652 0.19113302
  vertex 6.334391 -8.792949 0.208998
  vertex 6.334391 -8.092927 0.191133
 endloop
endfacet
facet normal -0 0.025554426 0.9996734
 outer loop
  vertex -6.8750725 -5.1856813 0.11694527
  vertex -6.3343906 -4.3653717 0.095975876
  vertex -6.8750725 -4.3653717 0.095975876
 endloop
endfacet
facet normal 1 1.6396362e-07 4.881915e-11
 outer loop
  vertex 6.875073 -8.092928 0.191133
  vertex 6.8750725 -5.1873436 8.938534
  vertex 6.875073 -8.095532 8.938534
 endloop
endfacet
facet normal 1 0 -0
 outer loop
  vertex -8.495783 11.000226 2.578928
  vertex -8.495783 0.91655034 1.465479
  vertex -8.495783 11.000226 1.46312
 endloop
endfacet
facet normal 0 -1 -0
 outer loop
  vertex -6.8750725 -0.15277576 0.00050735474
  vertex -6.3343906 -0.15277576 7.965626
  vertex -6.8750725 -0.15277576 7.965626
 endloop
endfacet
facet normal 0 1 8.677474e-07
 outer loop
  vertex 8.495783 -12.683223 10.037557
  vertex -6.3343906 -12.683222 8.938534
  vertex -8.495783 -12.683223 10.037557
 endloop
endfacet
facet normal 3.7481525e-06 1 2.171153e-05
 outer loop
  vertex 6.33439 -0.7042635 0.002584
  vertex 6.875072 -0.70445955 8.938534
  vertex 6.875072 -0.70426553 0.002584
 endloop
endfacet
facet normal 1.7998737e-07 0.025510779 0.99967456
 outer loop
  vertex 6.3343906 -5.1856813 0.116945
  vertex 6.875072 -4.3639865 0.095976
  vertex 6.33439 -4.3639827 0.095976
 endloop
endfacet
facet normal 0 -0 1
 outer loop
  vertex -1.0631212 11.000229 1.462074
  vertex -3.016213 0.29303923 1.462074
  vertex -0.833002 6.28899e-08 1.462074
 endloop
endfacet
facet normal 0.0034862256 0.025510395 0.9996684
 outer loop
  vertex 6.875072 -4.3639865 0.095976
  vertex 8.495783 6.4141375e-07 -0.02104
  vertex 6.8750725 -2.5135114 0.048754
 endloop
endfacet
facet normal -1.4580745e-06 0.025503661 0.99967474
 outer loop
  vertex 6.334391 -8.092927 0.191133
  vertex -6.3343906 -5.1856813 0.116945
  vertex -6.3343906 -8.093652 0.19113302
 endloop
endfacet
facet normal 0 0 1
 outer loop
  vertex -1.0631212 11.000229 1.462074
  vertex 0.833002 6.28899e-08 1.462074
  vertex 1.0631212 11.000229 1.462074
 endloop
endfacet
facet normal -1 0 1.10202585e-07
 outer loop
  vertex 6.334392 -8.795782 8.938534
  vertex 6.334391 -11.800118 0.284704
  vertex 6.334392 -12.683222 8.938534
 endloop
endfacet
facet normal 0 -1 0
 outer loop
  vertex -6.3343906 -1.6300385 0.026209004
  vertex -6.8750725 -1.6300385 8.938534
  vertex -6.8750725 -1.6300385 0.026208878
 endloop
endfacet
facet normal -1 2.576845e-07 2.2723183e-11
 outer loop
  vertex 6.33439 -4.3639827 0.095976
  vertex 6.3343906 -2.5142934 8.938534
  vertex 6.3343906 -2.5135095 0.048754
 endloop
endfacet
facet normal 0 -0.32716283 0.944968
 outer loop
  vertex 6.875073 -11.800118 0.284704
  vertex 8.495783 -12.683221 -0.02104
  vertex 8.495783 -11.800118 0.284704
 endloop
endfacet
facet normal -1 -1.612589e-07 1.08076556e-07
 outer loop
  vertex 6.334391 -8.092927 0.191133
  vertex 6.3343916 -5.1873393 8.938534
  vertex 6.3343906 -5.1856813 0.116945
 endloop
endfacet
facet normal 6.252122e-09 -0.016583437 0.9998625
 outer loop
  vertex 6.875073 0.91898346 -0.005798
  vertex 8.495783 6.4141375e-07 -0.02104
  vertex 8.495783 0.9189841 -0.005798
 endloop
endfacet
facet normal -4.833663e-07 0.025510205 0.9996746
 outer loop
  vertex -6.3343906 -2.5135095 0.048754
  vertex -6.8750725 -1.6300385 0.026208878
  vertex -6.8750725 -2.5135095 0.04875374
 endloop
endfacet
facet normal 0 0 -1
 outer loop
  vertex -7.479495 11.159299 5.874201
  vertex -8.495783 11.00023 5.874201
  vertex -8.495783 14.342668 5.874201
 endloop
endfacet
facet normal -1 -5.177918e-07 -1.06734575e-07
 outer loop
  vertex 6.3343906 -1.6300385 0.026209
  vertex 6.334389 -0.7044575 8.938534
  vertex 6.33439 -0.7042635 0.002584
 endloop
endfacet
facet normal 1 0 0
 outer loop
  vertex -8.495783 11.00023 5.874201
  vertex -8.495783 14.342668 2.578928
  vertex -8.495783 14.342668 5.874201
 endloop
endfacet
facet normal -1 1.5082607e-08 8.380742e-07
 outer loop
  vertex 4.994501 0.99321944 7.961689
  vertex 4.9944944 0.531804 0.004444599
  vertex 4.994501 0.5556914 7.969563
 endloop
endfacet
facet normal 0 -1 -0.00015708426
 outer loop
  vertex 6.33439 -4.3639827 0.095976
  vertex 6.875072 -4.3653717 8.938534
  vertex 6.334391 -4.3653717 8.938534
 endloop
endfacet
facet normal -4.690178e-06 -1 -8.54688e-07
 outer loop
  vertex 8.495783 11.000225 1.46312
  vertex 7.4794936 11.000229 2.576836
  vertex 7.479492 11.00023 1.4610281
 endloop
endfacet
facet normal 1 6.037481e-06 -0
 outer loop
  vertex -1.0631222 11.158188 2.576836
  vertex -1.0631212 11.000229 5.874201
  vertex -1.0631212 11.000229 1.462074
 endloop
endfacet
facet normal -8.8052985e-07 0.025509981 0.99967456
 outer loop
  vertex -6.8750725 -8.093652 0.19113255
  vertex -6.3343906 -8.793745 0.2089982
  vertex -6.3343906 -8.093652 0.19113302
 endloop
endfacet
facet normal 1 0 -0
 outer loop
  vertex -8.495783 14.342668 10.037557
  vertex -8.495783 11.000226 9.074413
  vertex -8.495783 14.342664 9.074413
 endloop
endfacet
facet normal -3.6088531e-06 -0.9999956 0.0029989872
 outer loop
  vertex 6.334391 -0.12888652 7.965626
  vertex 6.8750653 -0.15277587 0.00050735474
  vertex 6.875072 -0.12888847 7.965626
 endloop
endfacet
facet normal -1 -0 0
 outer loop
  vertex 8.495783 -11.800118 0.284704
  vertex 8.495783 0.91655034 1.465479
  vertex 8.495783 6.4141375e-07 -0.02104
 endloop
endfacet
facet normal -9.115958e-11 -0.00065690005 0.9999998
 outer loop
  vertex -1.0631222 11.158188 2.576836
  vertex -8.495783 14.342668 2.578928
  vertex -7.479492 11.158189 2.576836
 endloop
endfacet
facet normal -0.0020583475 0.00023394523 0.99999785
 outer loop
  vertex 7.479492 11.00023 1.4610281
  vertex 8.495783 0.91655034 1.465479
  vertex 8.495783 11.000225 1.46312
 endloop
endfacet
facet normal 1 0 -0
 outer loop
  vertex 6.875073 -8.795782 8.938534
  vertex 6.875073 -11.800118 0.284704
  vertex 6.875073 -8.792949 0.208994
 endloop
endfacet
facet normal -0 1 0
 outer loop
  vertex 6.334392 -12.683222 8.938534
  vertex -6.3343906 -12.683222 -0.02104
  vertex -6.3343906 -12.683222 8.938534
 endloop
endfacet
facet normal -5.612634e-08 -1 3.960675e-06
 outer loop
  vertex -8.495783 14.342664 9.074413
  vertex 8.495783 14.342667 10.037557
  vertex -8.495783 14.342668 10.037557
 endloop
endfacet
facet normal 2.0447374e-06 3.2795188e-07 -1
 outer loop
  vertex -6.8750725 -8.093652 4.60188
  vertex -8.495821 -0.89646536 4.601879
  vertex -6.8750725 -5.1856813 4.601881
 endloop
endfacet
facet normal 0 0 1
 outer loop
  vertex -6.8750725 -4.3653717 4.833045
  vertex -6.3343906 -5.1856813 4.833045
  vertex -6.3343906 -4.3653717 4.833045
 endloop
endfacet
facet normal 1 0 0
 outer loop
  vertex -3.938007 -12.683221 2.1659892
  vertex -3.938007 -9.972429 0.041121006
  vertex -3.938007 -9.972429 2.165991
 endloop
endfacet
facet normal 0 0 -1
 outer loop
  vertex -6.3343906 -4.3653717 6.9050584
  vertex -6.8750725 -5.1856813 6.9050584
  vertex -6.8750725 -4.3653717 6.9050584
 endloop
endfacet
facet normal 2.978856e-06 -1 0
 outer loop
  vertex -6.8750725 -0.89646053 7.986669
  vertex -8.495821 -0.89646536 7.13623
  vertex -6.8750725 -0.89646053 7.13623
 endloop
endfacet
facet normal -0.003343277 0.99999446 0
 outer loop
  vertex -3.938007 -9.972429 8.938534
  vertex -6.3343906 -9.980441 7.136227
  vertex -6.3343906 -9.980441 8.938534
 endloop
endfacet
facet normal 2.9420798e-06 0 1
 outer loop
  vertex -8.495821 -0.89646536 7.13623
  vertex -6.8750725 -2.5135095 7.136225
  vertex -6.8750725 -1.6300385 7.136225
 endloop
endfacet
facet normal 1.7638365e-06 1.0794631e-06 1
 outer loop
  vertex -6.8750725 -1.6300385 7.136225
  vertex -6.3343906 -2.5135095 7.136225
  vertex -6.3343906 -1.6300385 7.1362243
 endloop
endfacet
facet normal -1.7638364e-06 0 -1
 outer loop
  vertex -6.8750725 -5.1856813 4.601881
  vertex -6.3343906 -4.3653717 4.60188
  vertex -6.3343906 -5.1856813 4.60188
 endloop
endfacet
facet normal -0 0 1
 outer loop
  vertex -6.3343906 -2.5135095 4.833045
  vertex -6.8750725 -1.6300385 4.833045
  vertex -6.8750725 -2.5135095 4.833045
 endloop
endfacet
facet normal 2.978856e-06 -1 0
 outer loop
  vertex -6.8750725 -0.89646053 4.601882
  vertex -8.495821 -0.89646536 2.397154
  vertex -6.8750725 -0.89646053 2.397046
 endloop
endfacet
facet normal 0 0 1
 outer loop
  vertex -8.495767 -12.683221 7.136225
  vertex -6.8750725 -8.793745 7.136225
  vertex -6.8750725 -8.093652 7.136225
 endloop
endfacet
facet normal 4.579239e-05 1 0
 outer loop
  vertex -6.3343906 -0.7042656 7.986669
  vertex -4.892187 -0.70433164 2.397154
  vertex -6.3343906 -0.7042656 2.397152
 endloop
endfacet
facet normal -8.819182e-07 0 -1
 outer loop
  vertex -6.8750725 -8.793745 4.60188
  vertex -6.3343906 -8.093652 4.6018796
  vertex -6.3343906 -8.793745 4.6018796
 endloop
endfacet
facet normal 1.145621e-06 -4.0454808e-07 1
 outer loop
  vertex -6.8750725 -8.093652 7.136225
  vertex -8.495821 -0.89646536 7.13623
  vertex -8.495767 -12.683221 7.136225
 endloop
endfacet
facet normal 0 -0 -1
 outer loop
  vertex -6.8750725 -8.793745 4.60188
  vertex -8.495767 -12.683221 4.60188
  vertex -6.8750725 -8.093652 4.60188
 endloop
endfacet
facet normal 2.978856e-06 -1 0
 outer loop
  vertex -6.8750725 -0.89646053 6.9050584
  vertex -8.495821 -0.89646536 4.832935
  vertex -6.8750725 -0.89646053 4.832935
 endloop
endfacet
facet normal -8.8191825e-07 0 -1
 outer loop
  vertex -6.8750725 -2.5135095 4.60188
  vertex -6.3343906 -1.6300385 4.6018796
  vertex -6.3343906 -2.5135095 4.6018796
 endloop
endfacet
facet normal 0 0 1
 outer loop
  vertex -8.495767 -12.683221 4.833045
  vertex -6.8750725 -8.793745 4.833045
  vertex -6.8750725 -8.093652 4.833045
 endloop
endfacet
facet normal 5.8841596e-07 0 -1
 outer loop
  vertex -8.495821 -0.89646536 4.601879
  vertex -6.8750725 -2.5135095 4.60188
  vertex -6.8750725 -4.3653717 4.60188
 endloop
endfacet
facet normal -0.00010102367 1 1.4940385e-05
 outer loop
  vertex -6.8750725 -0.7042656 7.986669
  vertex -8.495821 -0.70434237 2.165991
  vertex -8.495821 -0.7044293 7.98667
 endloop
endfacet
facet normal -0 0 -1
 outer loop
  vertex -6.8750725 -8.793745 6.9050584
  vertex -6.3343906 -8.093652 6.9050584
  vertex -6.3343906 -8.793745 6.9050584
 endloop
endfacet
facet normal -0 -0 -1
 outer loop
  vertex -6.8750725 -2.5135095 6.9050584
  vertex -8.495821 -0.8964653 6.9050584
  vertex -6.8750725 -1.6300385 6.9050584
 endloop
endfacet
facet normal 0 0 1
 outer loop
  vertex -6.8750725 -4.3653717 7.136225
  vertex -6.3343906 -5.1856813 7.136225
  vertex -6.3343906 -4.3653717 7.136225
 endloop
endfacet
facet normal 0 -0 1
 outer loop
  vertex -6.3343906 -8.093652 4.833045
  vertex -6.8750725 -8.793745 4.833045
  vertex -6.3343906 -8.793745 4.833045
 endloop
endfacet
facet normal -0 -0 -1
 outer loop
  vertex -6.8750725 -8.093652 6.9050584
  vertex -8.495821 -0.8964653 6.9050584
  vertex -6.8750725 -5.1856813 6.9050584
 endloop
endfacet
facet normal -0 -0 -1
 outer loop
  vertex -6.3343906 -2.5135095 6.9050584
  vertex -6.8750725 -1.6300385 6.9050584
  vertex -6.3343906 -1.6300385 6.9050584
 endloop
endfacet
facet normal -6.941836e-05 -3.2795185e-07 1
 outer loop
  vertex -8.495821 -0.89646536 4.832935
  vertex -6.8750725 -8.093652 4.833045
  vertex -6.8750725 -5.1856813 4.833046
 endloop
endfacet
facet normal -6.796205e-05 0 1
 outer loop
  vertex -8.495821 -0.89646536 4.832935
  vertex -6.8750725 -2.5135095 4.833045
  vertex -6.8750725 -1.6300385 4.833045
 endloop
endfacet
facet normal -2.942179e-07 0 -1
 outer loop
  vertex -6.8750725 -8.793745 6.9050584
  vertex -8.495767 -12.683221 6.905059
  vertex -6.8750725 -8.093652 6.9050584
 endloop
endfacet
facet normal 1 0 -0
 outer loop
  vertex -3.938007 -9.972429 6.9050584
  vertex -3.938007 -12.683221 4.833045
  vertex -3.938007 -9.972429 4.833045
 endloop
endfacet
facet normal -1.7638364e-06 0 1
 outer loop
  vertex -6.8750725 -8.793745 7.136225
  vertex -6.3343906 -8.093652 7.136226
  vertex -6.8750725 -8.093652 7.136225
 endloop
endfacet
facet normal 0.9978536 0.065485306 0
 outer loop
  vertex -4.1944695 -6.341517 2.3971555
  vertex -4.564417 -0.70432264 2.16599
  vertex -4.564417 -0.70432264 2.3971555
 endloop
endfacet
facet normal -0.0033432767 0.99999446 0
 outer loop
  vertex -6.3343906 -9.980441 4.833046
  vertex -3.938007 -9.972429 6.9050584
  vertex -3.938007 -9.972429 4.833045
 endloop
endfacet
facet normal -0.0033432767 0.9999944 0
 outer loop
  vertex -6.3343906 -9.980441 2.397157
  vertex -3.938007 -9.972429 4.6018796
  vertex -3.938007 -9.972429 2.397156
 endloop
endfacet
facet normal 1 -0 0
 outer loop
  vertex -3.938007 -9.972429 2.397156
  vertex -3.938007 -12.683221 4.601878
  vertex -3.938007 -12.683221 2.397156
 endloop
endfacet
facet normal 0.61741215 0.7866398 0
 outer loop
  vertex -2.1844957 -8.858864 2.3971555
  vertex -3.3554294 -7.93983 2.1659906
  vertex -3.3554294 -7.93983 2.3971555
 endloop
endfacet
facet normal -0.0033424804 0.9999944 0
 outer loop
  vertex -3.938007 -9.972429 2.165991
  vertex -6.3343906 -9.980439 0.041121006
  vertex -6.3343906 -9.980439 2.165991
 endloop
endfacet
facet normal 0.88541484 0.46480167 0
 outer loop
  vertex -3.3554294 -7.93983 2.3971555
  vertex -4.1944695 -6.341517 2.16599
  vertex -4.1944695 -6.341517 2.3971555
 endloop
endfacet
facet normal 0.38914225 0.9211776 0
 outer loop
  vertex -1.1304038 -9.304154 2.397156
  vertex -2.1844957 -8.858864 2.16599
  vertex -2.1844957 -8.858864 2.3971555
 endloop
endfacet
facet normal 1 0 0
 outer loop
  vertex -3.938007 -12.683221 8.938534
  vertex -3.938007 -9.972429 7.136225
  vertex -3.938007 -9.972429 8.938534
 endloop
endfacet
facet normal 1 4.9637233e-06 0
 outer loop
  vertex -4.892186 -0.8964605 4.6018796
  vertex -4.892187 -0.70433164 2.397154
  vertex -4.892186 -0.8964605 4.833045
 endloop
endfacet
facet normal -1.1947849e-07 -8.7786844e-08 -1
 outer loop
  vertex -6.3343906 -4.3653717 4.60188
  vertex -4.892186 -0.8964605 4.6018796
  vertex -4.4617276 -6.9140787 4.60188
 endloop
endfacet
facet normal -0 0 1
 outer loop
  vertex -6.3343906 -1.6300385 4.833045
  vertex -4.892186 -0.8964605 4.833045
  vertex -6.3343906 -0.89646053 4.833045
 endloop
endfacet
facet normal 0 0 1
 outer loop
  vertex -2.522426 -9.415737 4.833045
  vertex -3.938007 -9.972429 4.833045
  vertex -3.938007 -12.683221 4.833045
 endloop
endfacet
facet normal 1.513436e-07 1.6397593e-07 -1
 outer loop
  vertex -6.3343906 -5.1856813 4.60188
  vertex -4.4617276 -6.9140787 4.60188
  vertex -6.3343906 -8.093652 4.6018796
 endloop
endfacet
facet normal 0 0 -1
 outer loop
  vertex -6.3343906 -8.093652 4.6018796
  vertex -3.5927103 -8.417125 4.6018796
  vertex -6.3343906 -8.793745 4.6018796
 endloop
endfacet
facet normal 0 0 1
 outer loop
  vertex -1.3441209 -9.969428 4.833045
  vertex 0 -12.683222 4.833045
  vertex 0 -10.091718 4.833045
 endloop
endfacet
facet normal 0 0 1
 outer loop
  vertex -6.3343906 -8.093652 4.833045
  vertex -3.5927103 -8.407131 4.833045
  vertex -4.4617276 -6.9140787 4.833045
 endloop
endfacet
facet normal 0 -0 1
 outer loop
  vertex -4.892186 -0.8964605 4.833045
  vertex -6.3343906 -4.3653717 4.833045
  vertex -4.4617276 -6.9140787 4.833045
 endloop
endfacet
facet normal -3.9527717e-07 -8.036382e-07 -1
 outer loop
  vertex -6.3343906 -8.793745 4.6018796
  vertex -3.938007 -9.972429 4.6018796
  vertex -6.3343906 -9.980441 4.6018806
 endloop
endfacet
facet normal 3.6325775e-07 1.7991871e-07 -1
 outer loop
  vertex -1.3441209 -9.969428 4.6018796
  vertex 0 -12.683222 4.6018796
  vertex -3.938007 -12.683221 4.601878
 endloop
endfacet
facet normal 0 0 1
 outer loop
  vertex -6.3343906 -5.1856813 4.833045
  vertex -4.4617276 -6.9140787 4.833045
  vertex -6.3343906 -4.3653717 4.833045
 endloop
endfacet
facet normal 0 0 -1
 outer loop
  vertex -4.892186 -0.8964605 4.6018796
  vertex -6.3343906 -1.6300385 4.6018796
  vertex -6.3343906 -0.89646053 4.6018796
 endloop
endfacet
facet normal -2.0752744e-07 5.2770986e-07 -1
 outer loop
  vertex -3.938007 -9.972429 4.6018796
  vertex -2.522426 -9.415737 4.6018796
  vertex -3.938007 -12.683221 4.601878
 endloop
endfacet
facet normal 0 0 1
 outer loop
  vertex -6.3343906 -8.793745 4.833045
  vertex -3.938007 -9.972429 4.833045
  vertex -3.5927103 -8.407131 4.833045
 endloop
endfacet
facet normal -0 0 -1
 outer loop
  vertex -6.3343906 -4.3653717 6.9050584
  vertex -4.892186 -0.89646053 6.9050584
  vertex -4.4617276 -6.9140787 6.9050584
 endloop
endfacet
facet normal 0.0031035738 3.5180489e-07 0.9999952
 outer loop
  vertex -2.522426 -9.415737 7.1318316
  vertex -3.938007 -9.972429 7.136225
  vertex -3.938007 -12.683221 7.136226
 endloop
endfacet
facet normal 0 0 -1
 outer loop
  vertex -6.3343906 -5.1856813 6.9050584
  vertex -4.4617276 -6.9140787 6.9050584
  vertex -6.3343906 -8.093652 6.9050584
 endloop
endfacet
facet normal 0 0 -1
 outer loop
  vertex -6.3343906 -8.093652 6.9050584
  vertex -3.5927103 -8.417125 6.9050584
  vertex -6.3343906 -8.793745 6.9050584
 endloop
endfacet
facet normal 0.0001535379 0.001695375 0.99999857
 outer loop
  vertex -1.3441209 -9.969428 7.1318316
  vertex 0 -12.683222 7.136226
  vertex 0 -10.091718 7.1318326
 endloop
endfacet
facet normal 0.001715309 0.0010023344 0.999998
 outer loop
  vertex -6.3343906 -8.093652 7.136226
  vertex -3.5927103 -8.40124 7.1318316
  vertex -4.4617276 -6.9140787 7.1318316
 endloop
endfacet
facet normal 0 0 -1
 outer loop
  vertex -6.3343906 -8.793745 6.9050584
  vertex -3.938007 -9.972429 6.9050584
  vertex -6.3343906 -9.980441 6.9050584
 endloop
endfacet
facet normal 3.632577e-07 4.2100115e-09 -1
 outer loop
  vertex -1.3441209 -9.969428 6.9050584
  vertex 0 -12.683222 6.905059
  vertex -3.938007 -12.683221 6.9050574
 endloop
endfacet
facet normal 0.0023461592 0 0.99999726
 outer loop
  vertex -6.3343906 -5.1856813 7.136225
  vertex -4.4617276 -6.9140787 7.1318316
  vertex -6.3343906 -4.3653717 7.136225
 endloop
endfacet
facet normal 0 0 -1
 outer loop
  vertex -4.892186 -0.89646053 6.9050584
  vertex -6.3343906 -1.6300385 6.9050584
  vertex -6.3343906 -0.89646053 6.9050584
 endloop
endfacet
facet normal -1.3835162e-07 3.518066e-07 -1
 outer loop
  vertex -3.938007 -9.972429 6.9050584
  vertex -2.522426 -9.415737 6.9050584
  vertex -3.938007 -12.683221 6.9050574
 endloop
endfacet
facet normal 0.0012412302 0.0025235456 0.999996
 outer loop
  vertex -6.3343906 -8.793745 7.136225
  vertex -3.938007 -9.972429 7.136225
  vertex -3.5927103 -8.40124 7.1318316
 endloop
endfacet
facet normal 0 -1 -0
 outer loop
  vertex -6.3343906 -0.89646053 4.833045
  vertex -4.892186 -0.89646053 6.9050584
  vertex -6.3343906 -0.89646053 6.9050584
 endloop
endfacet
facet normal 1 4.96468e-06 7.5494756e-11
 outer loop
  vertex -4.892187 -0.70441663 7.986669
  vertex -4.892186 -0.8964605 4.833045
  vertex -4.892187 -0.70433164 2.397154
 endloop
endfacet
facet normal 1.3480926e-06 3.2795185e-07 -1
 outer loop
  vertex -6.8750725 -8.093652 2.1659908
  vertex -8.495821 -0.70434237 2.165991
  vertex -6.8750725 -5.1856813 2.1659918
 endloop
endfacet
facet normal 0 2.906446e-07 1
 outer loop
  vertex -6.8750725 -4.3653717 2.3971558
  vertex -6.3343906 -5.1856813 2.397156
  vertex -6.3343906 -4.3653717 2.3971558
 endloop
endfacet
facet normal -1.3228773e-06 -2.906446e-07 -1
 outer loop
  vertex -6.8750725 -5.1856813 2.1659918
  vertex -6.3343906 -4.3653717 2.1659908
  vertex -6.3343906 -5.1856813 2.165991
 endloop
endfacet
facet normal -4.4095913e-07 0 1
 outer loop
  vertex -6.3343906 -2.5135095 2.397156
  vertex -6.8750725 -1.6300385 2.3971558
  vertex -6.8750725 -2.5135095 2.3971558
 endloop
endfacet
facet normal -4.409591e-07 0 -1
 outer loop
  vertex -6.8750725 -8.793745 2.1659908
  vertex -6.3343906 -8.093652 2.1659906
  vertex -6.3343906 -8.793745 2.1659906
 endloop
endfacet
facet normal -1.4710895e-07 0 -1
 outer loop
  vertex -6.8750725 -8.793745 2.1659908
  vertex -8.495767 -12.683221 2.165991
  vertex -6.8750725 -8.093652 2.1659908
 endloop
endfacet
facet normal -4.4095913e-07 0 -1
 outer loop
  vertex -6.8750725 -2.5135095 2.1659908
  vertex -6.3343906 -1.6300385 2.1659906
  vertex -6.3343906 -2.5135095 2.1659906
 endloop
endfacet
facet normal 1.4710892e-07 0 1
 outer loop
  vertex -8.495767 -12.683221 2.397156
  vertex -6.8750725 -8.793745 2.3971558
  vertex -6.8750725 -8.093652 2.3971558
 endloop
endfacet
facet normal -1.4710399e-07 0 -1
 outer loop
  vertex -8.495821 -0.70434237 2.165991
  vertex -6.8750725 -2.5135095 2.1659908
  vertex -6.8750725 -4.3653717 2.1659908
 endloop
endfacet
facet normal -4.409591e-07 0 1
 outer loop
  vertex -6.3343906 -8.093652 2.397156
  vertex -6.8750725 -8.793745 2.3971558
  vertex -6.3343906 -8.793745 2.397156
 endloop
endfacet
facet normal -2.4860492e-06 -3.2795185e-07 1
 outer loop
  vertex -8.495821 -0.89646536 2.397154
  vertex -6.8750725 -8.093652 2.3971558
  vertex -6.8750725 -5.1856813 2.3971567
 endloop
endfacet
facet normal -1.029728e-06 0 1
 outer loop
  vertex -8.495821 -0.89646536 2.397154
  vertex -6.8750725 -2.5135095 2.3971558
  vertex -6.8750725 -1.6300385 2.3971558
 endloop
endfacet
facet normal -3.5580715e-07 -2.3350257e-08 -1
 outer loop
  vertex -6.3343906 -4.3653717 2.1659908
  vertex -4.564417 -0.70432264 2.16599
  vertex -4.1944695 -6.341517 2.16599
 endloop
endfacet
facet normal -1.0745758e-13 2.6000625e-06 1
 outer loop
  vertex -6.3343906 -1.6300385 2.397156
  vertex -4.892186 -0.8964605 2.397154
  vertex -6.3343906 -0.89646053 2.397154
 endloop
endfacet
facet normal 2.7193272e-07 -0 1
 outer loop
  vertex -2.1844957 -8.858864 2.3971555
  vertex -3.938007 -9.972429 2.397156
  vertex -3.938007 -12.683221 2.397156
 endloop
endfacet
facet normal -3.5709027e-07 1.6397593e-07 -1
 outer loop
  vertex -6.3343906 -5.1856813 2.165991
  vertex -4.1944695 -6.341517 2.16599
  vertex -6.3343906 -8.093652 2.1659906
 endloop
endfacet
facet normal -0 0 -1
 outer loop
  vertex -6.3343906 -8.093652 2.1659906
  vertex -3.3554294 -7.93983 2.1659906
  vertex -6.3343906 -8.793745 2.1659906
 endloop
endfacet
facet normal 4.4246838e-07 1.4801951e-07 1
 outer loop
  vertex -1.1304038 -9.304154 2.397156
  vertex 0 -12.683222 2.397156
  vertex 0 -9.461774 2.3971555
 endloop
endfacet
facet normal 1.5584388e-07 8.18108e-08 1
 outer loop
  vertex -6.3343906 -8.093652 2.397156
  vertex -3.3554294 -7.93983 2.3971555
  vertex -4.1944695 -6.341517 2.3971555
 endloop
endfacet
facet normal 4.0154e-07 3.1416985e-07 1
 outer loop
  vertex -4.892186 -0.8964605 2.397154
  vertex -6.3343906 -4.3653717 2.3971558
  vertex -4.1944695 -6.341517 2.3971555
 endloop
endfacet
facet normal 1.3430823e-09 -4.0181976e-07 -1
 outer loop
  vertex -6.3343906 -8.793745 2.1659906
  vertex -3.938007 -9.972429 2.165991
  vertex -6.3343906 -9.980439 2.165991
 endloop
endfacet
facet normal 3.6325773e-07 -1.959395e-08 -1
 outer loop
  vertex -1.1304038 -9.304154 2.16599
  vertex 0 -12.683222 2.1659906
  vertex -3.938007 -12.683221 2.1659892
 endloop
endfacet
facet normal 3.7981522e-07 2.9064464e-07 1
 outer loop
  vertex -6.3343906 -5.1856813 2.397156
  vertex -4.1944695 -6.341517 2.3971555
  vertex -6.3343906 -4.3653717 2.3971558
 endloop
endfacet
facet normal -1.659934e-11 -5.1506925e-07 -1
 outer loop
  vertex -4.564417 -0.70432264 2.16599
  vertex -6.3343906 -1.6300385 2.1659906
  vertex -6.3343906 -0.7042656 2.16599
 endloop
endfacet
facet normal -9.906942e-07 7.036131e-07 -1
 outer loop
  vertex -3.938007 -9.972429 2.165991
  vertex -2.1844957 -8.858864 2.16599
  vertex -3.938007 -12.683221 2.1659892
 endloop
endfacet
facet normal 1.0113074e-07 2.0560896e-07 1
 outer loop
  vertex -6.3343906 -8.793745 2.397156
  vertex -3.938007 -9.972429 2.397156
  vertex -3.3554294 -7.93983 2.3971555
 endloop
endfacet
facet normal 0.13810039 0.99041826 0
 outer loop
  vertex 0 -9.461774 2.3971555
  vertex -1.1304038 -9.304154 2.16599
  vertex -1.1304038 -9.304154 2.397156
 endloop
endfacet
facet normal 4.5792392e-05 1 0
 outer loop
  vertex -4.892187 -0.70433164 2.397154
  vertex -6.3343906 -0.7042656 2.16599
  vertex -6.3343906 -0.7042656 2.397152
 endloop
endfacet
facet normal 3.22274e-05 1 8.463032e-05
 outer loop
  vertex -6.3343906 -0.7042656 2.16599
  vertex -4.892187 -0.70433164 2.397154
  vertex -4.564417 -0.70432264 2.16599
 endloop
endfacet
facet normal -4.2027077e-06 -2.7580757e-07 1
 outer loop
  vertex -4.564417 -0.70432264 2.3971555
  vertex -4.892186 -0.8964605 2.397154
  vertex -4.1944695 -6.341517 2.3971555
 endloop
endfacet
facet normal 4.1328846e-08 -1 0
 outer loop
  vertex -4.892186 -0.8964605 7.136226
  vertex -6.3343906 -0.89646053 7.986669
  vertex -6.3343906 -0.89646053 7.136225
 endloop
endfacet
facet normal -6.612614e-07 -1.3000313e-06 1
 outer loop
  vertex -6.3343906 -1.6300385 7.1362243
  vertex -4.892186 -0.8964605 7.136226
  vertex -6.3343906 -0.89646053 7.136225
 endloop
endfacet
facet normal 0.0014981017 -0.0006231127 0.9999987
 outer loop
  vertex -4.892186 -0.8964605 7.136226
  vertex -6.3343906 -4.3653717 7.136225
  vertex -4.4617276 -6.9140787 7.1318316
 endloop
endfacet
facet normal 1 4.9659257e-06 -1.2804216e-12
 outer loop
  vertex -4.892187 -0.70441663 7.986669
  vertex -4.892186 -0.8964605 7.136226
  vertex -4.892186 -0.89646053 6.9050584
 endloop
endfacet
facet normal 4.1328843e-08 -1 0
 outer loop
  vertex -4.892186 -0.8964605 4.6018796
  vertex -6.3343906 -0.89646053 2.397154
  vertex -4.892186 -0.8964605 2.397154
 endloop
endfacet
facet normal -2.2912421e-07 -8.0909615e-08 -1
 outer loop
  vertex 6.8750725 -8.093652 4.60188
  vertex 8.495821 -0.89646536 4.601879
  vertex 8.495767 -12.683221 4.60188
 endloop
endfacet
facet normal -0 0 1
 outer loop
  vertex 6.3343906 -5.1856813 4.833045
  vertex 6.8750725 -4.3653717 4.833045
  vertex 6.3343906 -4.3653717 4.833045
 endloop
endfacet
facet normal -1 0 -0
 outer loop
  vertex 3.938007 -9.972429 0.041121006
  vertex 3.938007 -12.683221 2.1659892
  vertex 3.938007 -9.972429 2.165991
 endloop
endfacet
facet normal -0 -0 -1
 outer loop
  vertex 6.8750725 -5.1856813 6.9050584
  vertex 6.3343906 -4.3653717 6.9050584
  vertex 6.8750725 -4.3653717 6.9050584
 endloop
endfacet
facet normal -2.978856e-06 -1 -0
 outer loop
  vertex 6.8750725 -0.89646053 7.986669
  vertex 8.495821 -0.89646536 7.13623
  vertex 8.495821 -0.89646536 7.98667
 endloop
endfacet
facet normal 0.0033432762 0.9999944 0
 outer loop
  vertex 3.938007 -9.972429 8.938534
  vertex 6.3343906 -9.980441 7.136227
  vertex 3.938007 -9.972429 7.136225
 endloop
endfacet
facet normal -2.9420798e-06 0 1
 outer loop
  vertex 8.495821 -0.89646536 7.13623
  vertex 6.8750725 -2.5135095 7.136225
  vertex 6.8750725 -4.3653717 7.136225
 endloop
endfacet
facet normal -1.7638365e-06 1.0794631e-06 1
 outer loop
  vertex 6.3343906 -2.5135095 7.136225
  vertex 6.8750725 -1.6300385 7.136225
  vertex 6.3343906 -1.6300385 7.1362243
 endloop
endfacet
facet normal 1.7638364e-06 0 -1
 outer loop
  vertex 6.3343906 -4.3653717 4.60188
  vertex 6.8750725 -5.1856813 4.601881
  vertex 6.3343906 -5.1856813 4.60188
 endloop
endfacet
facet normal 0 -0 1
 outer loop
  vertex 6.8750725 -1.6300385 4.833045
  vertex 6.3343906 -2.5135095 4.833045
  vertex 6.8750725 -2.5135095 4.833045
 endloop
endfacet
facet normal -2.978856e-06 -1 0
 outer loop
  vertex 8.495821 -0.89646536 2.397154
  vertex 6.8750725 -0.89646053 4.601882
  vertex 6.8750725 -0.89646053 2.397046
 endloop
endfacet
facet normal 5.884357e-07 2.4519352e-07 1
 outer loop
  vertex 8.495767 -12.683221 7.136225
  vertex 6.8750725 -8.793745 7.136225
  vertex 6.8750725 -12.683221 7.136226
 endloop
endfacet
facet normal -0.000104727354 1 1.52063685e-05
 outer loop
  vertex 6.3343906 -0.7042656 7.986669
  vertex 4.892187 -0.70433164 2.397154
  vertex 4.892187 -0.70441663 7.986669
 endloop
endfacet
facet normal 8.819182e-07 0 -1
 outer loop
  vertex 6.3343906 -8.093652 4.6018796
  vertex 6.8750725 -8.793745 4.60188
  vertex 6.3343906 -8.793745 4.6018796
 endloop
endfacet
facet normal -1.4857587e-06 -3.2795188e-07 1
 outer loop
  vertex 6.8750725 -8.093652 7.136225
  vertex 8.495821 -0.89646536 7.13623
  vertex 6.8750725 -5.1856813 7.136226
 endloop
endfacet
facet normal 0 0 -1
 outer loop
  vertex 6.8750725 -8.793745 4.60188
  vertex 8.495767 -12.683221 4.60188
  vertex 6.8750725 -12.683221 4.60188
 endloop
endfacet
facet normal -2.978856e-06 -1 0
 outer loop
  vertex 8.495821 -0.89646536 4.832935
  vertex 6.8750725 -0.89646053 6.9050584
  vertex 6.8750725 -0.89646053 4.832935
 endloop
endfacet
facet normal 8.8191825e-07 0 -1
 outer loop
  vertex 6.3343906 -1.6300385 4.6018796
  vertex 6.8750725 -2.5135095 4.60188
  vertex 6.3343906 -2.5135095 4.6018796
 endloop
endfacet
facet normal -0 0 1
 outer loop
  vertex 8.495767 -12.683221 4.833045
  vertex 6.8750725 -8.793745 4.833045
  vertex 6.8750725 -12.683221 4.833045
 endloop
endfacet
facet normal -5.88416e-07 -0 -1
 outer loop
  vertex 8.495821 -0.89646536 4.601879
  vertex 6.8750725 -2.5135095 4.60188
  vertex 6.8750725 -1.6300385 4.60188
 endloop
endfacet
facet normal 0.000101023645 1 1.4940383e-05
 outer loop
  vertex 8.495821 -0.70434237 2.165991
  vertex 6.8750725 -0.7042656 7.986669
  vertex 8.495821 -0.7044293 7.98667
 endloop
endfacet
facet normal 0 0 -1
 outer loop
  vertex 6.3343906 -8.093652 6.9050584
  vertex 6.8750725 -8.793745 6.9050584
  vertex 6.3343906 -8.793745 6.9050584
 endloop
endfacet
facet normal 0 0 -1
 outer loop
  vertex 8.495821 -0.8964653 6.9050584
  vertex 6.8750725 -2.5135095 6.9050584
  vertex 6.8750725 -1.6300385 6.9050584
 endloop
endfacet
facet normal -0 0 1
 outer loop
  vertex 6.3343906 -5.1856813 7.136225
  vertex 6.8750725 -4.3653717 7.136225
  vertex 6.3343906 -4.3653717 7.136225
 endloop
endfacet
facet normal -0 0 1
 outer loop
  vertex 6.8750725 -8.793745 4.833045
  vertex 6.3343906 -8.093652 4.833045
  vertex 6.3343906 -8.793745 4.833045
 endloop
endfacet
facet normal 0 0 -1
 outer loop
  vertex 8.495821 -0.8964653 6.9050584
  vertex 6.8750725 -8.093652 6.9050584
  vertex 6.8750725 -5.1856813 6.9050584
 endloop
endfacet
facet normal 0 0 -1
 outer loop
  vertex 6.8750725 -1.6300385 6.9050584
  vertex 6.3343906 -2.5135095 6.9050584
  vertex 6.3343906 -1.6300385 6.9050584
 endloop
endfacet
facet normal 2.6463846e-05 9.34506e-06 1
 outer loop
  vertex 8.495821 -0.89646536 4.832935
  vertex 6.8750725 -8.093652 4.833045
  vertex 8.495767 -12.683221 4.833045
 endloop
endfacet
facet normal 6.796204e-05 -0 1
 outer loop
  vertex 8.495821 -0.89646536 4.832935
  vertex 6.8750725 -2.5135095 4.833045
  vertex 6.8750725 -4.3653717 4.833045
 endloop
endfacet
facet normal -5.884357e-07 -3.677903e-07 -1
 outer loop
  vertex 6.8750725 -8.793745 6.9050584
  vertex 8.495767 -12.683221 6.905059
  vertex 6.8750725 -12.683221 6.90506
 endloop
endfacet
facet normal -1 0 0
 outer loop
  vertex 3.938007 -12.683221 6.9050574
  vertex 3.938007 -9.972429 4.833045
  vertex 3.938007 -12.683221 4.833045
 endloop
endfacet
facet normal 1.7638364e-06 0 1
 outer loop
  vertex 6.3343906 -8.093652 7.136226
  vertex 6.8750725 -8.793745 7.136225
  vertex 6.8750725 -8.093652 7.136225
 endloop
endfacet
facet normal -0.9978536 0.065485306 0
 outer loop
  vertex 4.564417 -0.70432264 2.16599
  vertex 4.1944695 -6.341517 2.3971555
  vertex 4.564417 -0.70432264 2.3971555
 endloop
endfacet
facet normal 0.0033432767 0.99999446 0
 outer loop
  vertex 3.938007 -9.972429 6.9050584
  vertex 6.3343906 -9.980441 4.833046
  vertex 3.938007 -9.972429 4.833045
 endloop
endfacet
facet normal 0.0033432767 0.9999944 0
 outer loop
  vertex 3.938007 -9.972429 4.6018796
  vertex 6.3343906 -9.980441 2.397157
  vertex 3.938007 -9.972429 2.397156
 endloop
endfacet
facet normal -1 0 0
 outer loop
  vertex 3.938007 -12.683221 4.601878
  vertex 3.938007 -9.972429 2.397156
  vertex 3.938007 -12.683221 2.397156
 endloop
endfacet
facet normal -0.61741215 0.7866398 0
 outer loop
  vertex 3.3554294 -7.93983 2.1659906
  vertex 2.1844957 -8.858864 2.3971555
  vertex 3.3554294 -7.93983 2.3971555
 endloop
endfacet
facet normal 0.0033424804 0.9999944 0
 outer loop
  vertex 6.3343906 -9.980439 0.041121006
  vertex 3.938007 -9.972429 2.165991
  vertex 6.3343906 -9.980439 2.165991
 endloop
endfacet
facet normal -0.88541484 0.46480167 0
 outer loop
  vertex 4.1944695 -6.341517 2.16599
  vertex 3.3554294 -7.93983 2.3971555
  vertex 4.1944695 -6.341517 2.3971555
 endloop
endfacet
facet normal -0.3891423 0.9211777 0
 outer loop
  vertex 2.1844957 -8.858864 2.16599
  vertex 1.1304038 -9.304154 2.397156
  vertex 2.1844957 -8.858864 2.3971555
 endloop
endfacet
facet normal -1 -0 -0
 outer loop
  vertex 3.938007 -9.972429 7.136225
  vertex 3.938007 -12.683221 8.938534
  vertex 3.938007 -9.972429 8.938534
 endloop
endfacet
facet normal -1 4.963723e-06 0
 outer loop
  vertex 4.892186 -0.8964605 4.6018796
  vertex 4.892187 -0.70433164 2.397154
  vertex 4.892186 -0.8964605 2.397154
 endloop
endfacet
facet normal 1.1947847e-07 -8.778684e-08 -1
 outer loop
  vertex 4.892186 -0.8964605 4.6018796
  vertex 6.3343906 -4.3653717 4.60188
  vertex 4.4617276 -6.9140787 4.60188
 endloop
endfacet
facet normal 0 0 1
 outer loop
  vertex 4.892186 -0.8964605 4.833045
  vertex 6.3343906 -1.6300385 4.833045
  vertex 6.3343906 -0.89646053 4.833045
 endloop
endfacet
facet normal -0 -0 1
 outer loop
  vertex 3.938007 -9.972429 4.833045
  vertex 2.522426 -9.415737 4.833045
  vertex 3.938007 -12.683221 4.833045
 endloop
endfacet
facet normal 0 -0 -1
 outer loop
  vertex 6.3343906 -5.1856813 4.60188
  vertex 4.4617276 -6.9140787 4.60188
  vertex 6.3343906 -4.3653717 4.60188
 endloop
endfacet
facet normal -4.0170114e-08 3.4047238e-07 -1
 outer loop
  vertex 6.3343906 -8.093652 4.6018796
  vertex 3.5927103 -8.417125 4.6018796
  vertex 4.4617276 -6.9140787 4.60188
 endloop
endfacet
facet normal 0 -0 1
 outer loop
  vertex 1.3441209 -9.969428 4.833045
  vertex 0 -12.683222 4.833045
  vertex 3.938007 -12.683221 4.833045
 endloop
endfacet
facet normal 0 -0 1
 outer loop
  vertex 6.3343906 -8.093652 4.833045
  vertex 3.5927103 -8.407131 4.833045
  vertex 6.3343906 -8.793745 4.833045
 endloop
endfacet
facet normal -0 0 1
 outer loop
  vertex 6.3343906 -4.3653717 4.833045
  vertex 4.892186 -0.8964605 4.833045
  vertex 4.4617276 -6.9140787 4.833045
 endloop
endfacet
facet normal 0 0 -1
 outer loop
  vertex 6.3343906 -8.793745 4.6018796
  vertex 3.938007 -9.972429 4.6018796
  vertex 3.5927103 -8.417125 4.6018796
 endloop
endfacet
facet normal 0 0 -1
 outer loop
  vertex 1.3441209 -9.969428 4.6018796
  vertex 0 -12.683222 4.6018796
  vertex 0 -10.091718 4.6018796
 endloop
endfacet
facet normal 0 -0 1
 outer loop
  vertex 6.3343906 -5.1856813 4.833045
  vertex 4.4617276 -6.9140787 4.833045
  vertex 6.3343906 -8.093652 4.833045
 endloop
endfacet
facet normal -0 -0 -1
 outer loop
  vertex 6.3343906 -1.6300385 4.6018796
  vertex 4.892186 -0.8964605 4.6018796
  vertex 6.3343906 -0.89646053 4.6018796
 endloop
endfacet
facet normal 2.0752744e-07 5.2770986e-07 -1
 outer loop
  vertex 2.522426 -9.415737 4.6018796
  vertex 3.938007 -9.972429 4.6018796
  vertex 3.938007 -12.683221 4.601878
 endloop
endfacet
facet normal -3.9527717e-07 8.036382e-07 1
 outer loop
  vertex 6.3343906 -8.793745 4.833045
  vertex 3.938007 -9.972429 4.833045
  vertex 6.3343906 -9.980441 4.833046
 endloop
endfacet
facet normal 0 0 -1
 outer loop
  vertex 4.892186 -0.89646053 6.9050584
  vertex 6.3343906 -4.3653717 6.9050584
  vertex 4.4617276 -6.9140787 6.9050584
 endloop
endfacet
facet normal -0.0031035738 3.517915e-07 0.9999952
 outer loop
  vertex 3.938007 -9.972429 7.136225
  vertex 2.522426 -9.415737 7.1318316
  vertex 3.938007 -12.683221 7.136226
 endloop
endfacet
facet normal 0 -0 -1
 outer loop
  vertex 6.3343906 -5.1856813 6.9050584
  vertex 4.4617276 -6.9140787 6.9050584
  vertex 6.3343906 -4.3653717 6.9050584
 endloop
endfacet
facet normal 0 -0 -1
 outer loop
  vertex 6.3343906 -8.093652 6.9050584
  vertex 3.5927103 -8.417125 6.9050584
  vertex 4.4617276 -6.9140787 6.9050584
 endloop
endfacet
facet normal -3.9215595e-10 0.0016193293 0.99999875
 outer loop
  vertex 1.3441209 -9.969428 7.1318316
  vertex 0 -12.683222 7.136226
  vertex 3.938007 -12.683221 7.136226
 endloop
endfacet
facet normal -0.0016027057 -1.3619754e-06 0.9999987
 outer loop
  vertex 6.3343906 -8.093652 7.136226
  vertex 3.5927103 -8.40124 7.1318316
  vertex 6.3343906 -8.793745 7.136225
 endloop
endfacet
facet normal 0 0 -1
 outer loop
  vertex 6.3343906 -8.793745 6.9050584
  vertex 3.938007 -9.972429 6.9050584
  vertex 3.5927103 -8.417125 6.9050584
 endloop
endfacet
facet normal 1.6740545e-08 -1.8400016e-07 -1
 outer loop
  vertex 1.3441209 -9.969428 6.9050584
  vertex 0 -12.683222 6.905059
  vertex 0 -10.091718 6.9050584
 endloop
endfacet
facet normal -0.0023464616 3.2801816e-07 0.9999972
 outer loop
  vertex 6.3343906 -5.1856813 7.136225
  vertex 4.4617276 -6.9140787 7.1318316
  vertex 6.3343906 -8.093652 7.136226
 endloop
endfacet
facet normal -0 -0 -1
 outer loop
  vertex 6.3343906 -1.6300385 6.9050584
  vertex 4.892186 -0.89646053 6.9050584
  vertex 6.3343906 -0.89646053 6.9050584
 endloop
endfacet
facet normal 1.3835162e-07 3.518066e-07 -1
 outer loop
  vertex 2.522426 -9.415737 6.9050584
  vertex 3.938007 -9.972429 6.9050584
  vertex 3.938007 -12.683221 6.9050574
 endloop
endfacet
facet normal -7.9055434e-07 1.6072764e-06 1
 outer loop
  vertex 6.3343906 -8.793745 7.136225
  vertex 3.938007 -9.972429 7.136225
  vertex 6.3343906 -9.980441 7.136227
 endloop
endfacet
facet normal -0 -1 -0
 outer loop
  vertex 4.892186 -0.89646053 6.9050584
  vertex 6.3343906 -0.89646053 4.833045
  vertex 6.3343906 -0.89646053 6.9050584
 endloop
endfacet
facet normal -1 4.9659175e-06 1.4285224e-13
 outer loop
  vertex 4.892187 -0.70441663 7.986669
  vertex 4.892186 -0.8964605 4.833045
  vertex 4.892186 -0.89646053 6.9050584
 endloop
endfacet
facet normal 1.4710704e-07 -6.67563e-13 -1
 outer loop
  vertex 6.8750725 -8.093652 2.1659908
  vertex 8.495821 -0.70434237 2.165991
  vertex 8.495767 -12.683221 2.165991
 endloop
endfacet
facet normal -0 2.906446e-07 1
 outer loop
  vertex 6.3343906 -5.1856813 2.397156
  vertex 6.8750725 -4.3653717 2.3971558
  vertex 6.3343906 -4.3653717 2.3971558
 endloop
endfacet
facet normal 1.3228773e-06 -2.906446e-07 -1
 outer loop
  vertex 6.3343906 -4.3653717 2.1659908
  vertex 6.8750725 -5.1856813 2.1659918
  vertex 6.3343906 -5.1856813 2.165991
 endloop
endfacet
facet normal 4.4095913e-07 0 1
 outer loop
  vertex 6.8750725 -1.6300385 2.3971558
  vertex 6.3343906 -2.5135095 2.397156
  vertex 6.8750725 -2.5135095 2.3971558
 endloop
endfacet
facet normal 4.409591e-07 0 -1
 outer loop
  vertex 6.3343906 -8.093652 2.1659906
  vertex 6.8750725 -8.793745 2.1659908
  vertex 6.3343906 -8.793745 2.1659906
 endloop
endfacet
facet normal 1.4710892e-07 0 -1
 outer loop
  vertex 6.8750725 -8.793745 2.1659908
  vertex 8.495767 -12.683221 2.165991
  vertex 6.8750725 -12.683221 2.1659908
 endloop
endfacet
facet normal 4.4095913e-07 0 -1
 outer loop
  vertex 6.3343906 -1.6300385 2.1659906
  vertex 6.8750725 -2.5135095 2.1659908
  vertex 6.3343906 -2.5135095 2.1659906
 endloop
endfacet
facet normal -1.4710892e-07 0 1
 outer loop
  vertex 8.495767 -12.683221 2.397156
  vertex 6.8750725 -8.793745 2.3971558
  vertex 6.8750725 -12.683221 2.3971558
 endloop
endfacet
facet normal 1.47104e-07 0 -1
 outer loop
  vertex 8.495821 -0.70434237 2.165991
  vertex 6.8750725 -2.5135095 2.1659908
  vertex 6.8750725 -1.6300385 2.1659908
 endloop
endfacet
facet normal 4.409591e-07 -0 1
 outer loop
  vertex 6.8750725 -8.793745 2.3971558
  vertex 6.3343906 -8.093652 2.397156
  vertex 6.3343906 -8.793745 2.397156
 endloop
endfacet
facet normal 3.1114143e-07 1.6181991e-07 1
 outer loop
  vertex 8.495821 -0.89646536 2.397154
  vertex 6.8750725 -8.093652 2.3971558
  vertex 8.495767 -12.683221 2.397156
 endloop
endfacet
facet normal 1.029728e-06 -0 1
 outer loop
  vertex 8.495821 -0.89646536 2.397154
  vertex 6.8750725 -2.5135095 2.3971558
  vertex 6.8750725 -4.3653717 2.3971558
 endloop
endfacet
facet normal 3.5580715e-07 -2.3350257e-08 -1
 outer loop
  vertex 4.564417 -0.70432264 2.16599
  vertex 6.3343906 -4.3653717 2.1659908
  vertex 4.1944695 -6.341517 2.16599
 endloop
endfacet
facet normal 1.0745758e-13 2.6000625e-06 1
 outer loop
  vertex 4.892186 -0.8964605 2.397154
  vertex 6.3343906 -1.6300385 2.397156
  vertex 6.3343906 -0.89646053 2.397154
 endloop
endfacet
facet normal -2.7193272e-07 0 1
 outer loop
  vertex 3.938007 -9.972429 2.397156
  vertex 2.1844957 -8.858864 2.3971555
  vertex 3.938007 -12.683221 2.397156
 endloop
endfacet
facet normal 6.0264455e-07 -2.9064464e-07 -1
 outer loop
  vertex 6.3343906 -5.1856813 2.165991
  vertex 4.1944695 -6.341517 2.16599
  vertex 6.3343906 -4.3653717 2.1659908
 endloop
endfacet
facet normal -1.4998445e-08 -2.9046433e-07 -1
 outer loop
  vertex 6.3343906 -8.093652 2.1659906
  vertex 3.3554294 -7.93983 2.1659906
  vertex 4.1944695 -6.341517 2.16599
 endloop
endfacet
facet normal 0 -0 1
 outer loop
  vertex 1.1304038 -9.304154 2.397156
  vertex 0 -12.683222 2.397156
  vertex 3.938007 -12.683221 2.397156
 endloop
endfacet
facet normal -1.6006825e-07 0 1
 outer loop
  vertex 6.3343906 -8.093652 2.397156
  vertex 3.3554294 -7.93983 2.3971555
  vertex 6.3343906 -8.793745 2.397156
 endloop
endfacet
facet normal -4.0153995e-07 3.1416985e-07 1
 outer loop
  vertex 6.3343906 -4.3653717 2.3971558
  vertex 4.892186 -0.8964605 2.397154
  vertex 4.1944695 -6.341517 2.3971555
 endloop
endfacet
facet normal -7.326566e-08 -2.5559393e-07 -1
 outer loop
  vertex 6.3343906 -8.793745 2.1659906
  vertex 3.938007 -9.972429 2.165991
  vertex 3.3554294 -7.93983 2.1659906
 endloop
endfacet
facet normal -4.2182904e-07 -0 -1
 outer loop
  vertex 1.1304038 -9.304154 2.16599
  vertex 0 -12.683222 2.1659906
  vertex 0 -9.461774 2.1659906
 endloop
endfacet
facet normal -2.228293e-07 0 1
 outer loop
  vertex 6.3343906 -5.1856813 2.397156
  vertex 4.1944695 -6.341517 2.3971555
  vertex 6.3343906 -8.093652 2.397156
 endloop
endfacet
facet normal 1.659934e-11 -5.1506925e-07 -1
 outer loop
  vertex 6.3343906 -1.6300385 2.1659906
  vertex 4.564417 -0.70432264 2.16599
  vertex 6.3343906 -0.7042656 2.16599
 endloop
endfacet
facet normal 9.906942e-07 7.036131e-07 -1
 outer loop
  vertex 2.1844957 -8.858864 2.16599
  vertex 3.938007 -9.972429 2.165991
  vertex 3.938007 -12.683221 2.1659892
 endloop
endfacet
facet normal -3.9527717e-07 8.036382e-07 1
 outer loop
  vertex 6.3343906 -8.793745 2.397156
  vertex 3.938007 -9.972429 2.397156
  vertex 6.3343906 -9.980441 2.397157
 endloop
endfacet
facet normal -0.13810039 0.99041826 0
 outer loop
  vertex 1.1304038 -9.304154 2.16599
  vertex 0 -9.461774 2.3971555
  vertex 1.1304038 -9.304154 2.397156
 endloop
endfacet
facet normal 2.7459177e-05 1 0
 outer loop
  vertex 4.892187 -0.70433164 2.397154
  vertex 4.564417 -0.70432264 2.16599
  vertex 4.564417 -0.70432264 2.3971555
 endloop
endfacet
facet normal -3.22274e-05 1 8.463032e-05
 outer loop
  vertex 4.564417 -0.70432264 2.16599
  vertex 4.892187 -0.70433164 2.397154
  vertex 6.3343906 -0.7042656 2.16599
 endloop
endfacet
facet normal 4.2027077e-06 -2.7580757e-07 1
 outer loop
  vertex 4.892186 -0.8964605 2.397154
  vertex 4.564417 -0.70432264 2.3971555
  vertex 4.1944695 -6.341517 2.3971555
 endloop
endfacet
facet normal -4.1328843e-08 -1 0
 outer loop
  vertex 6.3343906 -0.89646053 7.986669
  vertex 4.892186 -0.8964605 7.136226
  vertex 6.3343906 -0.89646053 7.136225
 endloop
endfacet
facet normal 6.612614e-07 -1.3000313e-06 1
 outer loop
  vertex 4.892186 -0.8964605 7.136226
  vertex 6.3343906 -1.6300385 7.1362243
  vertex 6.3343906 -0.89646053 7.136225
 endloop
endfacet
facet normal -0.0014981019 -0.00062311284 0.9999987
 outer loop
  vertex 6.3343906 -4.3653717 7.136225
  vertex 4.892186 -0.8964605 7.136226
  vertex 4.4617276 -6.9140787 7.1318316
 endloop
endfacet
facet normal -1 4.9659257e-06 -1.2804216e-12
 outer loop
  vertex 4.892186 -0.8964605 7.136226
  vertex 4.892187 -0.70441663 7.986669
  vertex 4.892186 -0.89646053 6.9050584
 endloop
endfacet
facet normal -4.1328843e-08 -1 0
 outer loop
  vertex 6.3343906 -0.89646053 2.397154
  vertex 4.892186 -0.8964605 4.6018796
  vertex 4.892186 -0.8964605 2.397154
 endloop
endfacet
facet normal -2.7694284e-07 3.619696e-07 1
 outer loop
  vertex -8.30017e-07 -10.993908 11.209873
  vertex -0.88721955 -6.403357 11.209871
  vertex -6.8871574 -10.993908 11.209871
 endloop
endfacet
facet normal 0 -3.7357907e-07 1
 outer loop
  vertex 1.2187325 -4.297405 11.209871
  vertex -6.8871574 0.8082042 11.209873
  vertex -1.2485101 -4.297405 11.209871
 endloop
endfacet
facet normal -0 0 1
 outer loop
  vertex 6.8871574 -10.993909 11.209871
  vertex 1.2187325 -5.531124 11.209871
  vertex 0.85744166 -6.403357 11.209871
 endloop
endfacet
facet normal -1.1225239e-07 -1 -1.5403236e-07
 outer loop
  vertex 6.8871574 -10.993909 11.209871
  vertex -8.3001703e-07 -10.993908 10.037557
  vertex 8.495804 -10.993909 10.037557
 endloop
endfacet
facet normal 1.8777487e-07 -1 2.0829848e-06
 outer loop
  vertex 4.6867094 -0.89646536 8.959581
  vertex 8.495821 -0.8964667 7.986671
  vertex 8.495822 -0.89646465 8.959581
 endloop
endfacet
facet normal 0 -0 1
 outer loop
  vertex -1.2485101 -5.531124 11.209871
  vertex -6.8871574 -10.993908 11.209871
  vertex -0.88721955 -6.403357 11.209871
 endloop
endfacet
facet normal 0 0 1
 outer loop
  vertex -8.495804 -12.68322 10.037557
  vertex -8.3001703e-07 -10.993908 10.037557
  vertex -8.495804 -10.993907 10.037557
 endloop
endfacet
facet normal -0.59041345 0 -0.80710095
 outer loop
  vertex 6.8871574 -10.993909 11.209871
  vertex 4.897178 0.80820465 12.665588
  vertex 6.8871574 0.8082037 11.209871
 endloop
endfacet
facet normal 0 -0.9675016 -0.25286502
 outer loop
  vertex 8.495804 14.342663 10.037557
  vertex -4.897177 13.655804 12.665588
  vertex -8.495804 14.342663 10.037557
 endloop
endfacet
facet normal -5.362207e-07 -1 2.0829848e-06
 outer loop
  vertex -8.495821 -0.89646536 7.986671
  vertex -4.7164865 -0.89646536 8.959581
  vertex -8.495822 -0.89646333 8.959581
 endloop
endfacet
facet normal 0.5435454 -4.747674e-08 -0.8393797
 outer loop
  vertex 6.101778e-08 0.808205 19.681057
  vertex -7.6962023 9.511485 14.697334
  vertex 7.2261855e-07 9.571373 19.681057
 endloop
endfacet
facet normal -0.5889574 0 0.80816406
 outer loop
  vertex -6.8871574 1.6723995 11.209873
  vertex -8.495804 0.8082056 10.037557
  vertex -6.8871574 0.8082042 11.209873
 endloop
endfacet
facet normal -1.8272696e-07 -1 -2.1765368e-07
 outer loop
  vertex 7.696204 9.511483 14.697334
  vertex 7.180971e-07 9.511484 16.77692
  vertex 4.897179 9.511484 12.665588
 endloop
endfacet
facet normal 0.5897629 0 -0.8075764
 outer loop
  vertex -8.495804 9.511485 10.037557
  vertex -4.897177 13.655804 12.665588
  vertex -4.897177 9.511484 12.665588
 endloop
endfacet
facet normal 0.58895665 1.306081e-07 -0.80816454
 outer loop
  vertex -8.495804 -10.993907 10.037557
  vertex -6.8871574 0.8082042 11.209873
  vertex -6.8871574 -10.993908 11.209871
 endloop
endfacet
facet normal 0.9855947 0 -0.1691244
 outer loop
  vertex -8.495804 9.511485 10.037557
  vertex -7.696203 0.8082056 14.697334
  vertex -8.495804 0.8082056 10.037557
 endloop
endfacet
facet normal 0.58976275 -0.0011760797 -0.80757576
 outer loop
  vertex -8.495804 -12.68322 10.037557
  vertex -6.8871574 -10.993908 11.209871
  vertex -4.897179 -12.683222 12.665588
 endloop
endfacet
facet normal 0 0 -1
 outer loop
  vertex 3.3097517 -8.650354 8.959581
  vertex 8.495822 -10.02731 8.959581
  vertex -0.014889249 -10.027309 8.959581
 endloop
endfacet
facet normal -0.5897625 -0.0011757938 -0.8075759
 outer loop
  vertex 6.8871574 -10.993909 11.209871
  vertex 8.495804 -12.683223 10.037557
  vertex 4.897177 -12.683222 12.665588
 endloop
endfacet
facet normal -0.0055710855 -0.99977195 0.020617204
 outer loop
  vertex -7.6962023 9.511485 14.697334
  vertex 7.180971e-07 9.511484 16.77692
  vertex 7.2261855e-07 9.571373 19.681057
 endloop
endfacet
facet normal 0 0 1
 outer loop
  vertex -9.575566e-07 -12.683222 10.037557
  vertex 8.495804 -10.993909 10.037557
  vertex -8.3001703e-07 -10.993908 10.037557
 endloop
endfacet
facet normal 0.6429814 -4.421993e-08 -0.76588184
 outer loop
  vertex -9.575566e-07 -12.683222 16.77692
  vertex -4.897178 0.80820537 12.665588
  vertex 6.101778e-08 0.808205 16.77692
 endloop
endfacet
facet normal -4.2359964e-08 1 -5.8126112e-08
 outer loop
  vertex 8.495821 1.6723994 7.986671
  vertex 6.8871574 1.6723995 11.209873
  vertex 8.495804 1.6723995 10.037557
 endloop
endfacet
facet normal -0.5897631 0 -0.80757624
 outer loop
  vertex 4.897179 13.655804 12.665588
  vertex 8.495804 9.511483 10.037557
  vertex 4.897179 9.511484 12.665588
 endloop
endfacet
facet normal -0 0 -1
 outer loop
  vertex 4.6867094 -5.3260865 8.959581
  vertex 8.495822 -0.89646465 8.959581
  vertex 8.495822 -10.02731 8.959581
 endloop
endfacet
facet normal -0.2289051 0.5526886 -0.80133504
 outer loop
  vertex -0.014889249 -10.027309 8.959581
  vertex 0.85744166 -6.403357 11.209871
  vertex 3.3097517 -8.650354 8.959581
 endloop
endfacet
facet normal -0.54432577 0 -0.83887386
 outer loop
  vertex 4.6867094 -5.3260865 8.959581
  vertex 1.2187325 -4.297405 11.209871
  vertex 4.6867094 -0.89646536 8.959581
 endloop
endfacet
facet normal -0 -0.7042757 -0.70992655
 outer loop
  vertex 7.180971e-07 9.511484 16.77692
  vertex -4.897177 13.655804 12.665588
  vertex 4.897179 13.655804 12.665588
 endloop
endfacet
facet normal -0 -0 -1
 outer loop
  vertex 8.495822 -12.683221 8.959581
  vertex -0.014889249 -10.027309 8.959581
  vertex 8.495822 -10.02731 8.959581
 endloop
endfacet
facet normal 0.5443259 0 -0.8388738
 outer loop
  vertex -4.7164865 -5.3260865 8.959581
  vertex -1.2485101 -4.297405 11.209871
  vertex -1.2485101 -5.531124 11.209871
 endloop
endfacet
facet normal -0.5398128 0.22359796 -0.8115455
 outer loop
  vertex 3.3097517 -8.650354 8.959581
  vertex 1.2187325 -5.531124 11.209871
  vertex 4.6867094 -5.3260865 8.959581
 endloop
endfacet
facet normal 7.954438e-08 1 -7.762723e-09
 outer loop
  vertex -7.696203 0.8082056 14.697334
  vertex 6.101778e-08 0.808205 16.77692
  vertex -4.897178 0.80820537 12.665588
 endloop
endfacet
facet normal 2.769428e-07 3.6376596e-07 1
 outer loop
  vertex 0.85744166 -6.403357 11.209871
  vertex -8.30017e-07 -10.993908 11.209873
  vertex 6.8871574 -10.993909 11.209871
 endloop
endfacet
facet normal 1.6837859e-07 1 -1.3232055e-07
 outer loop
  vertex -8.495804 -12.68322 10.037557
  vertex 4.897177 -12.683222 12.665588
  vertex 8.495804 -12.683223 10.037557
 endloop
endfacet
facet normal -0 0 -1
 outer loop
  vertex -8.495822 -10.027309 8.959581
  vertex -3.3395298 -8.650354 8.959581
  vertex -0.014889249 -10.027309 8.959581
 endloop
endfacet
facet normal 0 0 -1
 outer loop
  vertex -8.495822 -0.89646333 8.959581
  vertex -4.7164865 -5.3260865 8.959581
  vertex -8.495822 -10.027309 8.959581
 endloop
endfacet
facet normal 0.22890499 0.55268854 -0.80133504
 outer loop
  vertex -0.014889249 -10.027309 8.959581
  vertex -0.88721955 -6.403357 11.209871
  vertex -0.014888966 -6.764647 11.209871
 endloop
endfacet
facet normal -0.5435454 5.9559774e-08 -0.8393798
 outer loop
  vertex 6.101778e-08 0.808205 19.681057
  vertex 7.696204 9.511483 14.697334
  vertex 7.696203 0.8082044 14.697334
 endloop
endfacet
facet normal -3.8123966e-07 1 5.2313504e-07
 outer loop
  vertex -6.8871574 1.6723995 11.209873
  vertex -8.495821 1.6724006 7.986671
  vertex -8.495804 1.6723995 10.037557
 endloop
endfacet
facet normal -1.1225241e-07 -1 -6.594645e-07
 outer loop
  vertex -8.3001703e-07 -10.993908 10.037557
  vertex -6.8871574 -10.993908 11.209871
  vertex -8.495804 -10.993907 10.037557
 endloop
endfacet
facet normal 7.744681e-08 1 0
 outer loop
  vertex 7.696203 0.8082044 14.697334
  vertex 6.101778e-08 0.808205 16.77692
  vertex 6.101778e-08 0.808205 19.681057
 endloop
endfacet
facet normal -0 -0 -1
 outer loop
  vertex -0.014889249 -12.68322 8.959581
  vertex -8.495822 -10.027309 8.959581
  vertex -0.014889249 -10.027309 8.959581
 endloop
endfacet
facet normal -0.5889568 0 -0.80816454
 outer loop
  vertex 8.495804 -10.993909 10.037557
  vertex 6.8871574 0.8082037 11.209871
  vertex 8.495804 0.8082042 10.037557
 endloop
endfacet
facet normal -0.6429814 4.5450705e-08 -0.76588184
 outer loop
  vertex -9.575566e-07 -12.683222 16.77692
  vertex 4.897178 0.80820465 12.665588
  vertex 4.897177 -12.683222 12.665588
 endloop
endfacet
facet normal 0.539813 0.22359778 -0.81154543
 outer loop
  vertex -3.3395298 -8.650354 8.959581
  vertex -1.2485101 -5.531124 11.209871
  vertex -0.88721955 -6.403357 11.209871
 endloop
endfacet
facet normal 0 -0.5518103 -0.8339697
 outer loop
  vertex -4.7164865 -0.89646536 8.959581
  vertex 1.2187325 -4.297405 11.209871
  vertex -1.2485101 -4.297405 11.209871
 endloop
endfacet
facet normal 1.5242665e-11 -2.2070792e-06 1
 outer loop
  vertex 1.2625907e-07 1.672352 11.209873
  vertex 6.8871574 0.8082037 11.209871
  vertex 6.8871574 1.6723995 11.209873
 endloop
endfacet
facet normal 0.5904129 1.3043626e-07 -0.8071013
 outer loop
  vertex -4.897178 0.80820537 12.665588
  vertex -6.8871574 -10.993908 11.209871
  vertex -6.8871574 0.8082042 11.209873
 endloop
endfacet
facet normal 0.5889574 -1.8018153e-06 0.8081641
 outer loop
  vertex 6.8871574 0.8082037 11.209871
  vertex 8.495804 1.6723995 10.037557
  vertex 6.8871574 1.6723995 11.209873
 endloop
endfacet
facet normal -0.9855948 1.0799797e-07 -0.16912423
 outer loop
  vertex 8.495804 9.511483 10.037557
  vertex 7.696203 0.8082044 14.697334
  vertex 7.696204 9.511483 14.697334
 endloop
endfacet
facet normal 0 0 -1
 outer loop
  vertex 8.495821 1.6723994 7.986671
  vertex -8.495821 -0.89646536 7.986671
  vertex -8.495821 1.6724006 7.986671
 endloop
endfacet
facet normal -0 0 1
 outer loop
  vertex -3.610899 -8.427835 7.810366
  vertex -4.4294252 -6.8937316 7.810366
  vertex -4.4853315 -6.9108086 7.810366
 endloop
endfacet
facet normal -0.42527664 -0.9050635 -0
 outer loop
  vertex -2.5316248 -9.407192 7.810366
  vertex -1.3145506 -9.979078 6.698626
  vertex -1.3145506 -9.979078 7.810366
 endloop
endfacet
facet normal 0.9971348 0.075644985 -4.0393764e-09
 outer loop
  vertex -4.553133 -5.3657813 7.810366
  vertex -4.892186 -0.89646053 6.698626
  vertex -4.892186 -0.8964605 7.814836
 endloop
endfacet
facet normal 0.8662016 0.4996948 0
 outer loop
  vertex -3.5660858 -8.390297 6.698626
  vertex -4.4294252 -6.8937316 7.810366
  vertex -3.5660858 -8.390297 7.810366
 endloop
endfacet
facet normal -0.6719957 -0.74055505 0
 outer loop
  vertex -2.5316248 -9.407192 7.810366
  vertex -3.610899 -8.427835 6.698626
  vertex -2.5316248 -9.407192 6.698626
 endloop
endfacet
facet normal -0.8663772 -0.4993902 0
 outer loop
  vertex -3.610899 -8.427835 6.698626
  vertex -4.4853315 -6.9108086 7.810366
  vertex -4.4853315 -6.9108086 6.698626
 endloop
endfacet
facet normal 0.095301025 0.99544847 0
 outer loop
  vertex -1.2993777 -9.922617 7.810366
  vertex 0 -10.047015 6.698626
  vertex -1.2993777 -9.922617 6.698626
 endloop
endfacet
facet normal -0.99666774 -0.081568204 -0
 outer loop
  vertex -4.6112857 -5.3717966 7.810366
  vertex -4.4853315 -6.9108086 6.698626
  vertex -4.4853315 -6.9108086 7.810366
 endloop
endfacet
facet normal 0.9967385 0.08069916 -0
 outer loop
  vertex -4.553133 -5.3657813 6.698626
  vertex -4.4294252 -6.8937316 7.810366
  vertex -4.4294252 -6.8937316 6.698626
 endloop
endfacet
facet normal 0.6719504 0.7405962 0
 outer loop
  vertex -2.4980078 -9.359375 6.698626
  vertex -3.5660858 -8.390297 7.810366
  vertex -2.4980078 -9.359375 7.810366
 endloop
endfacet
facet normal -0.021431284 0.9997703 -5.3386863e-08
 outer loop
  vertex -4.9506 -0.8977127 6.698626
  vertex -4.892186 -0.8964605 7.814836
  vertex -4.892186 -0.89646053 6.698626
 endloop
endfacet
facet normal -0.09562507 -0.9954175 0
 outer loop
  vertex 0 -10.105361 6.698626
  vertex -1.3145506 -9.979078 7.810366
  vertex -1.3145506 -9.979078 6.698626
 endloop
endfacet
facet normal -0.9971365 -0.07562281 0
 outer loop
  vertex -4.6112857 -5.3717966 7.810366
  vertex -4.9506 -0.8977127 6.698626
  vertex -4.6112857 -5.3717966 6.698626
 endloop
endfacet
facet normal 0.42529052 0.9050569 -0
 outer loop
  vertex -2.4980078 -9.359375 6.698626
  vertex -1.2993777 -9.922617 7.810366
  vertex -1.2993777 -9.922617 6.698626
 endloop
endfacet
facet normal 2.1378206e-05 -0.0009974366 0.9999995
 outer loop
  vertex -4.6112857 -5.3717966 7.810366
  vertex -4.892186 -0.8964605 7.814836
  vertex -4.9506 -0.89771247 7.814836
 endloop
endfacet
facet normal -1.4144362e-06 3.80104e-07 1
 outer loop
  vertex 0 -10.105361 7.810368
  vertex -1.2993777 -9.922617 7.810366
  vertex -1.3145506 -9.979078 7.810366
 endloop
endfacet
facet normal 0 0 1
 outer loop
  vertex -2.5316248 -9.407192 7.810366
  vertex -1.2993777 -9.922617 7.810366
  vertex -2.4980078 -9.359375 7.810366
 endloop
endfacet
facet normal 0 0 1
 outer loop
  vertex -3.5660858 -8.390297 7.810366
  vertex -2.5316248 -9.407192 7.810366
  vertex -2.4980078 -9.359375 7.810366
 endloop
endfacet
facet normal 0 0 1
 outer loop
  vertex -4.6112857 -5.3717966 7.810366
  vertex -4.4294252 -6.8937316 7.810366
  vertex -4.553133 -5.3657813 7.810366
 endloop
endfacet
facet normal -0 0 1
 outer loop
  vertex -3.610899 -8.427835 5.5116544
  vertex -4.4294252 -6.8937316 5.5116544
  vertex -4.4853315 -6.9108086 5.5116544
 endloop
endfacet
facet normal -0.4252766 -0.9050634 -0
 outer loop
  vertex -2.5316248 -9.407192 5.5116544
  vertex -1.3145506 -9.979078 4.399915
  vertex -1.3145506 -9.979078 5.5116544
 endloop
endfacet
facet normal 0.9971348 0.075644985 -4.03938e-09
 outer loop
  vertex -4.553133 -5.3657813 5.5116544
  vertex -4.892186 -0.89646053 4.399915
  vertex -4.892186 -0.8964605 5.5161242
 endloop
endfacet
facet normal 0.8662015 0.49969476 0
 outer loop
  vertex -3.5660858 -8.390297 4.399915
  vertex -4.4294252 -6.8937316 5.5116544
  vertex -3.5660858 -8.390297 5.5116544
 endloop
endfacet
facet normal -0.67199564 -0.74055505 0
 outer loop
  vertex -2.5316248 -9.407192 5.5116544
  vertex -3.610899 -8.427835 4.399915
  vertex -2.5316248 -9.407192 4.399915
 endloop
endfacet
facet normal -0.8663772 -0.4993902 0
 outer loop
  vertex -3.610899 -8.427835 4.399915
  vertex -4.4853315 -6.9108086 5.5116544
  vertex -4.4853315 -6.9108086 4.399915
 endloop
endfacet
facet normal 0.09530104 0.99544847 0
 outer loop
  vertex -1.2993777 -9.922617 5.5116544
  vertex 0 -10.047015 4.399915
  vertex -1.2993777 -9.922617 4.399915
 endloop
endfacet
facet normal -0.9966678 -0.08156821 -0
 outer loop
  vertex -4.6112857 -5.3717966 5.5116544
  vertex -4.4853315 -6.9108086 4.399915
  vertex -4.4853315 -6.9108086 5.5116544
 endloop
endfacet
facet normal 0.9967385 0.08069915 -0
 outer loop
  vertex -4.553133 -5.3657813 4.399915
  vertex -4.4294252 -6.8937316 5.5116544
  vertex -4.4294252 -6.8937316 4.399915
 endloop
endfacet
facet normal 0.6719504 0.7405961 0
 outer loop
  vertex -2.4980078 -9.359375 4.399915
  vertex -3.5660858 -8.390297 5.5116544
  vertex -2.4980078 -9.359375 5.5116544
 endloop
endfacet
facet normal -0.021431457 0.9997703 -2.2268557e-07
 outer loop
  vertex -4.9506 -0.89771247 5.5161242
  vertex -4.892186 -0.89646053 4.399915
  vertex -4.9505997 -0.8977127 4.399915
 endloop
endfacet
facet normal -0.09562507 -0.9954175 0
 outer loop
  vertex 0 -10.105361 4.399915
  vertex -1.3145506 -9.979078 5.5116544
  vertex -1.3145506 -9.979078 4.399915
 endloop
endfacet
facet normal -0.9971365 -0.07562282 -4.3016016e-07
 outer loop
  vertex -4.6112857 -5.3717966 5.5116544
  vertex -4.9505997 -0.8977127 4.399915
  vertex -4.611285 -5.3717966 4.399915
 endloop
endfacet
facet normal 0.4252905 0.90505683 -0
 outer loop
  vertex -2.4980078 -9.359375 4.399915
  vertex -1.2993777 -9.922617 5.5116544
  vertex -1.2993777 -9.922617 4.399915
 endloop
endfacet
facet normal 2.1378206e-05 -0.0009974366 0.9999995
 outer loop
  vertex -4.6112857 -5.3717966 5.5116544
  vertex -4.892186 -0.8964605 5.5161242
  vertex -4.9506 -0.89771247 5.5161242
 endloop
endfacet
facet normal -1.4144362e-06 3.80104e-07 1
 outer loop
  vertex 0 -10.105361 5.5116563
  vertex -1.2993777 -9.922617 5.5116544
  vertex -1.3145506 -9.979078 5.5116544
 endloop
endfacet
facet normal 0 0 1
 outer loop
  vertex -2.5316248 -9.407192 5.5116544
  vertex -1.2993777 -9.922617 5.5116544
  vertex -2.4980078 -9.359375 5.5116544
 endloop
endfacet
facet normal 0 0 1
 outer loop
  vertex -3.5660858 -8.390297 5.5116544
  vertex -2.5316248 -9.407192 5.5116544
  vertex -2.4980078 -9.359375 5.5116544
 endloop
endfacet
facet normal 0 0 1
 outer loop
  vertex -4.6112857 -5.3717966 5.5116544
  vertex -4.4294252 -6.8937316 5.5116544
  vertex -4.553133 -5.3657813 5.5116544
 endloop
endfacet
facet normal 0 0 1
 outer loop
  vertex -4.230157 -6.3434863 3.0415306
  vertex -3.3506927 -7.9233036 3.0415306
  vertex -4.1770706 -6.3272705 3.0415306
 endloop
endfacet
facet normal -0.38972777 -0.92093015 -0
 outer loop
  vertex -2.2021596 -8.873174 3.0415306
  vertex -1.1219834 -9.330293 2.3971546
  vertex -1.1219834 -9.330293 3.0415306
 endloop
endfacet
facet normal 0.99763566 0.06872382 0
 outer loop
  vertex -4.564417 -0.70432264 3.041531
  vertex -4.1770706 -6.3272705 2.3971546
  vertex -4.564417 -0.70432264 2.3971555
 endloop
endfacet
facet normal 0.888026 0.45979315 0
 outer loop
  vertex -3.3506927 -7.9233036 2.3971546
  vertex -4.1770706 -6.3272705 3.0415306
  vertex -3.3506927 -7.9233036 3.0415306
 endloop
endfacet
facet normal -0.6088759 -0.7932655 0
 outer loop
  vertex -2.2021596 -8.873174 3.0415306
  vertex -3.3932452 -7.9589486 2.3971546
  vertex -2.2021596 -8.873174 2.3971546
 endloop
endfacet
facet normal -0.8879197 -0.45999858 0
 outer loop
  vertex -3.3932452 -7.9589486 2.3971546
  vertex -4.230157 -6.3434863 3.0415306
  vertex -4.230157 -6.3434863 2.3971546
 endloop
endfacet
facet normal 0.14201348 0.9898647 0
 outer loop
  vertex -1.1075758 -9.27668 3.0415306
  vertex 0 -9.435581 2.3971555
  vertex -1.1075758 -9.27668 2.3971546
 endloop
endfacet
facet normal 0.6081985 0.7937849 0
 outer loop
  vertex -2.1702385 -8.827768 2.3971546
  vertex -3.3506927 -7.9233036 3.0415306
  vertex -2.1702385 -8.827768 3.0415306
 endloop
endfacet
facet normal -0.021427859 0.99977046 0
 outer loop
  vertex -4.619884 -0.70551145 2.3971555
  vertex -4.564417 -0.70432264 3.041531
  vertex -4.564417 -0.70432264 2.3971555
 endloop
endfacet
facet normal -0.14177403 -0.989899 0
 outer loop
  vertex 0 -9.490984 2.3971555
  vertex -1.1219834 -9.330293 3.0415306
  vertex -1.1219834 -9.330293 2.3971546
 endloop
endfacet
facet normal -0.9976194 -0.068960816 0
 outer loop
  vertex -4.230157 -6.3434863 2.3971546
  vertex -4.619884 -0.70551145 3.041531
  vertex -4.619884 -0.70551145 2.3971555
 endloop
endfacet
facet normal 0.38914263 0.9211775 -0
 outer loop
  vertex -2.1702385 -8.827768 2.3971546
  vertex -1.1075758 -9.27668 3.0415306
  vertex -1.1075758 -9.27668 2.3971546
 endloop
endfacet
facet normal 2.5300444e-08 -8.282702e-08 1
 outer loop
  vertex -4.1770706 -6.3272705 3.0415306
  vertex -4.619884 -0.70551145 3.041531
  vertex -4.230157 -6.3434863 3.0415306
 endloop
endfacet
facet normal -1.658163e-06 4.4560716e-07 1
 outer loop
  vertex -1.1219834 -9.330293 3.0415306
  vertex 0 -9.435581 3.0415325
  vertex -1.1075758 -9.27668 3.0415306
 endloop
endfacet
facet normal -0 0 1
 outer loop
  vertex -1.1219834 -9.330293 3.0415306
  vertex -2.1702385 -8.827768 3.0415306
  vertex -2.2021596 -8.873174 3.0415306
 endloop
endfacet
facet normal 0 0 1
 outer loop
  vertex -3.3506927 -7.9233036 3.0415306
  vertex -2.2021596 -8.873174 3.0415306
  vertex -2.1702385 -8.827768 3.0415306
 endloop
endfacet
facet normal -0 0 1
 outer loop
  vertex 3.610899 -8.427835 7.810366
  vertex 4.4294252 -6.8937316 7.810366
  vertex 3.5660858 -8.390297 7.810366
 endloop
endfacet
facet normal 0.42527664 -0.9050635 0
 outer loop
  vertex 1.3145506 -9.979078 6.698626
  vertex 2.5316248 -9.407192 7.810366
  vertex 1.3145506 -9.979078 7.810366
 endloop
endfacet
facet normal -0.99713486 0.075644985 0
 outer loop
  vertex 4.553133 -5.3657813 7.810366
  vertex 4.892186 -0.89646053 6.698626
  vertex 4.553133 -5.3657813 6.698626
 endloop
endfacet
facet normal -0.8662016 0.4996948 0
 outer loop
  vertex 4.4294252 -6.8937316 7.810366
  vertex 3.5660858 -8.390297 6.698626
  vertex 3.5660858 -8.390297 7.810366
 endloop
endfacet
facet normal 0.6719957 -0.74055505 0
 outer loop
  vertex 3.610899 -8.427835 6.698626
  vertex 2.5316248 -9.407192 7.810366
  vertex 2.5316248 -9.407192 6.698626
 endloop
endfacet
facet normal 0.8663772 -0.4993902 0
 outer loop
  vertex 4.4853315 -6.9108086 7.810366
  vertex 3.610899 -8.427835 6.698626
  vertex 4.4853315 -6.9108086 6.698626
 endloop
endfacet
facet normal -0.095301025 0.99544847 0
 outer loop
  vertex 0 -10.047015 6.698626
  vertex 1.2993777 -9.922617 7.810366
  vertex 1.2993777 -9.922617 6.698626
 endloop
endfacet
facet normal 0.99666774 -0.081568204 0
 outer loop
  vertex 4.4853315 -6.9108086 6.698626
  vertex 4.6112857 -5.3717966 7.810366
  vertex 4.4853315 -6.9108086 7.810366
 endloop
endfacet
facet normal -0.9967385 0.08069916 0
 outer loop
  vertex 4.4294252 -6.8937316 7.810366
  vertex 4.553133 -5.3657813 6.698626
  vertex 4.4294252 -6.8937316 6.698626
 endloop
endfacet
facet normal -0.6719504 0.7405962 0
 outer loop
  vertex 3.5660858 -8.390297 7.810366
  vertex 2.4980078 -9.359375 6.698626
  vertex 2.4980078 -9.359375 7.810366
 endloop
endfacet
facet normal 0.021431284 0.9997703 -5.3439592e-08
 outer loop
  vertex 4.892186 -0.8964605 7.814836
  vertex 4.9506 -0.8977127 6.698626
  vertex 4.892186 -0.89646053 6.698626
 endloop
endfacet
facet normal 0.095625065 -0.99541736 0
 outer loop
  vertex 0 -10.105361 6.698626
  vertex 1.3145506 -9.979078 7.810366
  vertex 0 -10.105361 7.810368
 endloop
endfacet
facet normal 0.99713653 -0.07562281 1.615277e-08
 outer loop
  vertex 4.6112857 -5.3717966 7.810366
  vertex 4.9506 -0.8977127 6.698626
  vertex 4.9506 -0.89771247 7.814836
 endloop
endfacet
facet normal -0.42529052 0.9050569 0
 outer loop
  vertex 1.2993777 -9.922617 7.810366
  vertex 2.4980078 -9.359375 6.698626
  vertex 1.2993777 -9.922617 6.698626
 endloop
endfacet
facet normal -2.1381984e-05 -0.0009974361 0.9999995
 outer loop
  vertex 4.892186 -0.8964605 7.814836
  vertex 4.6112857 -5.3717966 7.810366
  vertex 4.9506 -0.89771247 7.814836
 endloop
endfacet
facet normal 1.467894e-06 0 1
 outer loop
  vertex 0 -10.105361 7.810368
  vertex 1.2993777 -9.922617 7.810366
  vertex 0 -10.047015 7.810368
 endloop
endfacet
facet normal 0 0 1
 outer loop
  vertex 1.2993777 -9.922617 7.810366
  vertex 2.5316248 -9.407192 7.810366
  vertex 2.4980078 -9.359375 7.810366
 endloop
endfacet
facet normal -0 0 1
 outer loop
  vertex 2.5316248 -9.407192 7.810366
  vertex 3.5660858 -8.390297 7.810366
  vertex 2.4980078 -9.359375 7.810366
 endloop
endfacet
facet normal 0 -0 1
 outer loop
  vertex 4.6112857 -5.3717966 7.810366
  vertex 4.4294252 -6.8937316 7.810366
  vertex 4.4853315 -6.9108086 7.810366
 endloop
endfacet
facet normal -0 0 1
 outer loop
  vertex 3.610899 -8.427835 5.5116544
  vertex 4.4294252 -6.8937316 5.5116544
  vertex 3.5660858 -8.390297 5.5116544
 endloop
endfacet
facet normal 0.4252766 -0.9050634 0
 outer loop
  vertex 1.3145506 -9.979078 4.399915
  vertex 2.5316248 -9.407192 5.5116544
  vertex 1.3145506 -9.979078 5.5116544
 endloop
endfacet
facet normal -0.99713475 0.07564498 0
 outer loop
  vertex 4.553133 -5.3657813 5.5116544
  vertex 4.892186 -0.89646053 4.399915
  vertex 4.553133 -5.3657813 4.399915
 endloop
endfacet
facet normal -0.8662015 0.49969476 0
 outer loop
  vertex 4.4294252 -6.8937316 5.5116544
  vertex 3.5660858 -8.390297 4.399915
  vertex 3.5660858 -8.390297 5.5116544
 endloop
endfacet
facet normal 0.67199564 -0.74055505 0
 outer loop
  vertex 3.610899 -8.427835 4.399915
  vertex 2.5316248 -9.407192 5.5116544
  vertex 2.5316248 -9.407192 4.399915
 endloop
endfacet
facet normal 0.8663772 -0.4993902 0
 outer loop
  vertex 4.4853315 -6.9108086 5.5116544
  vertex 3.610899 -8.427835 4.399915
  vertex 4.4853315 -6.9108086 4.399915
 endloop
endfacet
facet normal -0.09530104 0.99544847 0
 outer loop
  vertex 0 -10.047015 4.399915
  vertex 1.2993777 -9.922617 5.5116544
  vertex 1.2993777 -9.922617 4.399915
 endloop
endfacet
facet normal 0.9966678 -0.08156821 0
 outer loop
  vertex 4.4853315 -6.9108086 4.399915
  vertex 4.6112857 -5.3717966 5.5116544
  vertex 4.4853315 -6.9108086 5.5116544
 endloop
endfacet
facet normal -0.9967385 0.08069915 0
 outer loop
  vertex 4.4294252 -6.8937316 5.5116544
  vertex 4.553133 -5.3657813 4.399915
  vertex 4.4294252 -6.8937316 4.399915
 endloop
endfacet
facet normal -0.6719504 0.7405961 0
 outer loop
  vertex 3.5660858 -8.390297 5.5116544
  vertex 2.4980078 -9.359375 4.399915
  vertex 2.4980078 -9.359375 5.5116544
 endloop
endfacet
facet normal 0.021431457 0.9997703 -5.3440075e-08
 outer loop
  vertex 4.892186 -0.8964605 5.5161242
  vertex 4.9505997 -0.8977127 4.399915
  vertex 4.892186 -0.89646053 4.399915
 endloop
endfacet
facet normal 0.09562507 -0.9954175 0
 outer loop
  vertex 0 -10.105361 4.399915
  vertex 1.3145506 -9.979078 5.5116544
  vertex 0 -10.105361 5.5116563
 endloop
endfacet
facet normal 0.99713653 -0.07562282 -4.0981737e-07
 outer loop
  vertex 4.6112857 -5.3717966 5.5116544
  vertex 4.9505997 -0.8977127 4.399915
  vertex 4.9506 -0.89771247 5.5161242
 endloop
endfacet
facet normal -0.4252905 0.90505683 0
 outer loop
  vertex 1.2993777 -9.922617 5.5116544
  vertex 2.4980078 -9.359375 4.399915
  vertex 1.2993777 -9.922617 4.399915
 endloop
endfacet
facet normal -2.1381984e-05 -0.0009974361 0.9999995
 outer loop
  vertex 4.892186 -0.8964605 5.5161242
  vertex 4.6112857 -5.3717966 5.5116544
  vertex 4.9506 -0.89771247 5.5161242
 endloop
endfacet
facet normal 1.467894e-06 0 1
 outer loop
  vertex 0 -10.105361 5.5116563
  vertex 1.2993777 -9.922617 5.5116544
  vertex 0 -10.047015 5.5116563
 endloop
endfacet
facet normal 0 0 1
 outer loop
  vertex 1.2993777 -9.922617 5.5116544
  vertex 2.5316248 -9.407192 5.5116544
  vertex 2.4980078 -9.359375 5.5116544
 endloop
endfacet
facet normal -0 0 1
 outer loop
  vertex 2.5316248 -9.407192 5.5116544
  vertex 3.5660858 -8.390297 5.5116544
  vertex 2.4980078 -9.359375 5.5116544
 endloop
endfacet
facet normal 0 -0 1
 outer loop
  vertex 4.6112857 -5.3717966 5.5116544
  vertex 4.4294252 -6.8937316 5.5116544
  vertex 4.4853315 -6.9108086 5.5116544
 endloop
endfacet
facet normal 0 0 1
 outer loop
  vertex 3.3506927 -7.9233036 3.0415306
  vertex 4.230157 -6.3434863 3.0415306
  vertex 4.1770706 -6.3272705 3.0415306
 endloop
endfacet
facet normal 0.38972777 -0.92093015 0
 outer loop
  vertex 1.1219834 -9.330293 2.3971546
  vertex 2.2021596 -8.873174 3.0415306
  vertex 1.1219834 -9.330293 3.0415306
 endloop
endfacet
facet normal -0.99763566 0.06872383 0
 outer loop
  vertex 4.1770706 -6.3272705 2.3971546
  vertex 4.564417 -0.70432264 3.041531
  vertex 4.564417 -0.70432264 2.3971555
 endloop
endfacet
facet normal -0.888026 0.45979315 0
 outer loop
  vertex 4.1770706 -6.3272705 3.0415306
  vertex 3.3506927 -7.9233036 2.3971546
  vertex 3.3506927 -7.9233036 3.0415306
 endloop
endfacet
facet normal 0.6088759 -0.7932655 0
 outer loop
  vertex 3.3932452 -7.9589486 2.3971546
  vertex 2.2021596 -8.873174 3.0415306
  vertex 2.2021596 -8.873174 2.3971546
 endloop
endfacet
facet normal 0.8879197 -0.45999858 0
 outer loop
  vertex 4.230157 -6.3434863 3.0415306
  vertex 3.3932452 -7.9589486 2.3971546
  vertex 4.230157 -6.3434863 2.3971546
 endloop
endfacet
facet normal -0.14201349 0.9898647 0
 outer loop
  vertex 0 -9.435581 2.3971555
  vertex 1.1075758 -9.27668 3.0415306
  vertex 1.1075758 -9.27668 2.3971546
 endloop
endfacet
facet normal -0.6081985 0.7937849 0
 outer loop
  vertex 3.3506927 -7.9233036 3.0415306
  vertex 2.1702385 -8.827768 2.3971546
  vertex 2.1702385 -8.827768 3.0415306
 endloop
endfacet
facet normal 0.021427859 0.99977046 0
 outer loop
  vertex 4.564417 -0.70432264 3.041531
  vertex 4.619884 -0.70551145 2.3971555
  vertex 4.564417 -0.70432264 2.3971555
 endloop
endfacet
facet normal 0.14177403 -0.98989904 0
 outer loop
  vertex 0 -9.490984 2.3971555
  vertex 1.1219834 -9.330293 3.0415306
  vertex 0 -9.490984 3.0415325
 endloop
endfacet
facet normal 0.9976194 -0.06896082 0
 outer loop
  vertex 4.619884 -0.70551145 3.041531
  vertex 4.230157 -6.3434863 2.3971546
  vertex 4.619884 -0.70551145 2.3971555
 endloop
endfacet
facet normal -0.38914263 0.9211775 0
 outer loop
  vertex 1.1075758 -9.27668 3.0415306
  vertex 2.1702385 -8.827768 2.3971546
  vertex 1.1075758 -9.27668 2.3971546
 endloop
endfacet
facet normal -1.8148626e-09 -8.467697e-08 1
 outer loop
  vertex 4.1770706 -6.3272705 3.0415306
  vertex 4.619884 -0.70551145 3.041531
  vertex 4.564417 -0.70432264 3.041531
 endloop
endfacet
facet normal 1.658163e-06 4.4560716e-07 1
 outer loop
  vertex 0 -9.435581 3.0415325
  vertex 1.1219834 -9.330293 3.0415306
  vertex 1.1075758 -9.27668 3.0415306
 endloop
endfacet
facet normal -0 0 1
 outer loop
  vertex 1.1219834 -9.330293 3.0415306
  vertex 2.1702385 -8.827768 3.0415306
  vertex 1.1075758 -9.27668 3.0415306
 endloop
endfacet
facet normal -0 0 1
 outer loop
  vertex 2.2021596 -8.873174 3.0415306
  vertex 3.3506927 -7.9233036 3.0415306
  vertex 2.1702385 -8.827768 3.0415306
 endloop
endfacet
facet normal 0 0 1
 outer loop
  vertex -6.576941 2.4395576 5.6610613
  vertex -3.2617507 2.3992343 5.6610613
  vertex -3.2570577 2.4395573 5.6610613
 endloop
endfacet
facet normal 0 0 1
 outer loop
  vertex -6.574581 2.7298505 5.6610613
  vertex -3.2002518 2.6895263 5.6610613
  vertex -3.1954567 2.7298503 5.6610613
 endloop
endfacet
facet normal 0 0 -1
 outer loop
  vertex 6.5586267 7.5436163 1.443854
  vertex 2.6399884 7.503293 1.443854
  vertex 2.6351986 7.543617 1.443854
 endloop
endfacet
facet normal 0 0 1
 outer loop
  vertex -6.5670476 3.9332924 5.6610613
  vertex -3.0565197 3.8929682 5.6610613
  vertex -3.0516968 3.9332922 5.6610613
 endloop
endfacet
facet normal 0 0 1
 outer loop
  vertex -6.5615873 4.8464413 5.6610613
  vertex -2.9767334 4.806118 5.6610613
  vertex -2.9719546 4.846441 5.6610613
 endloop
endfacet
facet normal 0 0 1
 outer loop
  vertex 2.9263544 5.09641 5.6610613
  vertex 6.5734177 5.1367326 5.6610613
  vertex 2.9215465 5.136733 5.6610613
 endloop
endfacet
facet normal 0 0 1
 outer loop
  vertex -6.530618 9.950502 5.6610613
  vertex -2.3407152 9.910177 5.6610613
  vertex -2.3359482 9.950501 5.6610613
 endloop
endfacet
facet normal 0 0 -1
 outer loop
  vertex 6.5660286 6.3401747 1.443854
  vertex 2.7830296 6.299851 1.443854
  vertex 2.7782326 6.340175 1.443854
 endloop
endfacet
facet normal 0 0 1
 outer loop
  vertex -6.5542297 6.0498834 5.6610613
  vertex -2.8342614 6.009559 5.6610613
  vertex -2.8294935 6.049883 5.6610613
 endloop
endfacet
facet normal 0 0 1
 outer loop
  vertex 2.6399894 7.503294 5.6610613
  vertex 6.5586267 7.5436153 5.6610613
  vertex 2.6351986 7.543616 5.6610613
 endloop
endfacet
facet normal 0 0 1
 outer loop
  vertex 2.7057126 7.213001 5.6610613
  vertex 6.5604033 7.2533245 5.6610613
  vertex 2.7009525 7.253325 5.6610613
 endloop
endfacet
facet normal 0 0 1
 outer loop
  vertex -6.5377984 8.74706 5.6610613
  vertex -2.4834723 8.706735 5.6610613
  vertex -2.4786832 8.747059 5.6610613
 endloop
endfacet
facet normal 0 0 -1
 outer loop
  vertex 6.545991 9.660208 1.443854
  vertex 2.4217956 9.619884 1.443854
  vertex 2.4170477 9.660209 1.443854
 endloop
endfacet
facet normal 0 0 -1
 outer loop
  vertex 6.544209 9.950499 1.443854
  vertex 2.3543057 9.910177 1.443854
  vertex 2.3495388 9.9505 1.443854
 endloop
endfacet
facet normal 0 0 1
 outer loop
  vertex 2.3543057 9.910177 5.6610613
  vertex 6.544209 9.9505005 5.6610613
  vertex 2.3495388 9.950501 5.6610613
 endloop
endfacet
facet normal 0 0 1
 outer loop
  vertex -6.5324 9.660209 5.6610613
  vertex -2.4082053 9.619884 5.6610613
  vertex -2.4034574 9.660208 5.6610613
 endloop
endfacet
facet normal 0 0 1
 outer loop
  vertex 3.1332412 3.6026747 5.6610613
  vertex 6.5823636 3.6429985 5.6610613
  vertex 3.1284482 3.6429987 5.6610613
 endloop
endfacet
facet normal -0 -0 -1
 outer loop
  vertex -2.5501254 8.416443 1.443854
  vertex -6.5395236 8.456767 1.443854
  vertex -2.5453672 8.456766 1.443854
 endloop
endfacet
facet normal 0 0 1
 outer loop
  vertex -6.5450363 7.5436163 5.6610613
  vertex -2.6263995 7.503293 5.6610613
  vertex -2.6216085 7.543616 5.6610613
 endloop
endfacet
facet normal -0 -0 -1
 outer loop
  vertex -2.6921225 7.213001 1.443854
  vertex -6.5468125 7.2533255 1.443854
  vertex -2.6873624 7.253325 1.443854
 endloop
endfacet
facet normal 0 0 1
 outer loop
  vertex 2.7830296 6.299851 5.6610613
  vertex 6.5660286 6.3401747 5.6610613
  vertex 2.7782326 6.340175 5.6610613
 endloop
endfacet
facet normal -0 -0 -1
 outer loop
  vertex -2.8342614 6.00956 1.443854
  vertex -6.5542283 6.0498834 1.443854
  vertex -2.8294935 6.049883 1.443854
 endloop
endfacet
facet normal 0 0 1
 outer loop
  vertex -6.5598273 5.1367335 5.6610613
  vertex -2.9127655 5.09641 5.6610613
  vertex -2.9079566 5.136733 5.6610613
 endloop
endfacet
facet normal 0 0 1
 outer loop
  vertex 2.9903235 4.806118 5.6610613
  vertex 6.5751786 4.8464403 5.6610613
  vertex 2.9855435 4.846441 5.6610613
 endloop
endfacet
facet normal 0 0 1
 outer loop
  vertex 3.2138402 2.6895258 5.6610613
  vertex 6.588171 2.7298496 5.6610613
  vertex 3.2090473 2.7298498 5.6610613
 endloop
endfacet
facet normal 0 0 1
 outer loop
  vertex -6.5687723 3.6429994 5.6610613
  vertex -3.1196518 3.6026752 5.6610613
  vertex -3.1148589 3.6429992 5.6610613
 endloop
endfacet
facet normal -0 -0 1
 outer loop
  vertex -4.1703404e-07 -5.523783 1.148084
  vertex -1.9119574 -5.368951 1.148084
  vertex -4.1878053e-07 -5.546916 1.148084
 endloop
endfacet
facet normal 0 0 1
 outer loop
  vertex -6.5524387 6.3401756 5.6610613
  vertex -2.7694395 6.299851 5.6610613
  vertex -2.7646425 6.340175 5.6610613
 endloop
endfacet
facet normal 0 0 1
 outer loop
  vertex 3.2753413 2.3992338 5.6610613
  vertex 6.59053 2.4395566 5.6610613
  vertex 3.2706482 2.4395568 5.6610613
 endloop
endfacet
facet normal 0 0 -1
 outer loop
  vertex 6.58817 2.7298496 1.443854
  vertex 3.2138402 2.6895258 1.443854
  vertex 3.2090461 2.7298498 1.443854
 endloop
endfacet
facet normal -0 -0 -1
 outer loop
  vertex -3.1196518 3.6026762 1.443854
  vertex -6.5687723 3.6430004 1.443854
  vertex -3.1148577 3.6430001 1.443854
 endloop
endfacet
facet normal 0 0 1
 outer loop
  vertex 3.0701082 3.8929677 5.6610613
  vertex 6.5806375 3.9332914 5.6610613
  vertex 3.0652862 3.9332917 5.6610613
 endloop
endfacet
facet normal 0 0 -1
 outer loop
  vertex 6.5751786 4.8464403 1.443854
  vertex 2.9903245 4.806117 1.443854
  vertex 2.9855444 4.846441 1.443854
 endloop
endfacet
facet normal -0 -0 -1
 outer loop
  vertex -2.9127655 5.09641 1.443854
  vertex -6.5598273 5.1367335 1.443854
  vertex -2.9079566 5.136733 1.443854
 endloop
endfacet
facet normal 0 0 1
 outer loop
  vertex 2.8478525 6.009559 5.6610613
  vertex 6.5678196 6.0498824 5.6610613
  vertex 2.8430834 6.049883 5.6610613
 endloop
endfacet
facet normal -0 -0 -1
 outer loop
  vertex -2.7694395 6.299851 1.443854
  vertex -6.5524387 6.3401756 1.443854
  vertex -2.7646425 6.340175 1.443854
 endloop
endfacet
facet normal 0 0 -1
 outer loop
  vertex 6.5604024 7.2533245 1.443854
  vertex 2.7057126 7.213001 1.443854
  vertex 2.7009525 7.253325 1.443854
 endloop
endfacet
facet normal -0 -0 -1
 outer loop
  vertex -2.6263995 7.503293 1.443854
  vertex -6.5450363 7.5436163 1.443854
  vertex -2.6216085 7.543616 1.443854
 endloop
endfacet
facet normal 0 0 -1
 outer loop
  vertex 6.5531135 8.456765 1.443854
  vertex 2.5637157 8.416443 1.443854
  vertex 2.5589578 8.456766 1.443854
 endloop
endfacet
facet normal 0 0 -1
 outer loop
  vertex 6.5513883 8.747058 1.443854
  vertex 2.4970627 8.706735 1.443854
  vertex 2.4922738 8.747059 1.443854
 endloop
endfacet
facet normal 0 0 1
 outer loop
  vertex 2.4217956 9.619884 5.6610613
  vertex 6.545991 9.660207 5.6610613
  vertex 2.4170477 9.660208 5.6610613
 endloop
endfacet
facet normal -0 -0 -1
 outer loop
  vertex -2.3407152 9.910177 1.443854
  vertex -6.530618 9.9505005 1.443854
  vertex -2.3359482 9.9505 1.443854
 endloop
endfacet
facet normal -0 -0 -1
 outer loop
  vertex -2.9767334 4.806118 1.443854
  vertex -6.5615873 4.8464413 1.443854
  vertex -2.9719546 4.846441 1.443854
 endloop
endfacet
facet normal 0 0 1
 outer loop
  vertex 2.5637147 8.416443 5.6610613
  vertex 6.5531135 8.456765 5.6610613
  vertex 2.5589578 8.456766 5.6610613
 endloop
endfacet
facet normal -0 -0 -1
 outer loop
  vertex -2.4834723 8.706735 1.443854
  vertex -6.5377984 8.74706 1.443854
  vertex -2.4786832 8.747059 1.443854
 endloop
endfacet
facet normal 0 0 1
 outer loop
  vertex -6.5395236 8.456767 5.6610613
  vertex -2.5501254 8.416443 5.6610613
  vertex -2.5453672 8.456766 5.6610613
 endloop
endfacet
facet normal 0 0 -1
 outer loop
  vertex 6.59053 2.4395576 1.443854
  vertex 3.2753403 2.3992338 1.443854
  vertex 3.2706482 2.4395578 1.443854
 endloop
endfacet
facet normal 0 0 1
 outer loop
  vertex -6.5468125 7.2533255 5.6610613
  vertex -2.6921225 7.213 5.6610613
  vertex -2.6873636 7.253325 5.6610613
 endloop
endfacet
facet normal -0 -0 -1
 outer loop
  vertex -3.2617507 2.3992343 1.443854
  vertex -6.576941 2.4395585 1.443854
  vertex -3.2570577 2.4395583 1.443854
 endloop
endfacet
facet normal 0 0 -1
 outer loop
  vertex 6.5678186 6.0498834 1.443854
  vertex 2.8478515 6.00956 1.443854
  vertex 2.8430834 6.049884 1.443854
 endloop
endfacet
facet normal -0 -0 -1
 outer loop
  vertex -3.0565188 3.8929682 1.443854
  vertex -6.5670476 3.9332924 1.443854
  vertex -3.0516968 3.9332922 1.443854
 endloop
endfacet
facet normal 0 0 1
 outer loop
  vertex 2.4970627 8.706735 5.6610613
  vertex 6.5513897 8.747058 5.6610613
  vertex 2.4922738 8.747059 5.6610613
 endloop
endfacet
facet normal 0 0 -1
 outer loop
  vertex 6.5806375 3.9332914 1.443854
  vertex 3.0701082 3.8929677 1.443854
  vertex 3.0652862 3.9332917 1.443854
 endloop
endfacet
facet normal 0 0 -1
 outer loop
  vertex 6.5823627 3.6429994 1.443854
  vertex 3.1332402 3.6026757 1.443854
  vertex 3.1284473 3.6429996 1.443854
 endloop
endfacet
facet normal -0 -0 -1
 outer loop
  vertex -3.2002509 2.6895263 1.443854
  vertex -6.574581 2.7298505 1.443854
  vertex -3.1954567 2.7298503 1.443854
 endloop
endfacet
facet normal 0 0 -1
 outer loop
  vertex 6.5734177 5.1367326 1.443854
  vertex 2.9263554 5.09641 1.443854
  vertex 2.9215465 5.136733 1.443854
 endloop
endfacet
facet normal -0.35625607 0.93438834 0
 outer loop
  vertex -4.822807 -0.33908063 0.015245
  vertex -5.051423 -0.4262456 7.98667
  vertex -4.822807 -0.33908063 7.98667
 endloop
endfacet
facet normal -0.99301004 -0.11802969 1.9786702e-07
 outer loop
  vertex 3.1284482 3.6429987 5.6610613
  vertex 3.1332402 3.6026757 1.443854
  vertex 3.1332412 3.6026747 5.6610613
 endloop
endfacet
facet normal -7.190943e-08 -1 -0
 outer loop
  vertex 3.2753413 2.3992338 5.6610613
  vertex 6.590881 2.3992336 1.443854
  vertex 6.590881 2.3992336 5.6610613
 endloop
endfacet
facet normal 0.9119241 0.41035882 0
 outer loop
  vertex -4.499497 -0.63668066 0.015245
  vertex -4.594191 -0.42624563 7.98667
  vertex -4.499497 -0.63668066 7.98667
 endloop
endfacet
facet normal -0.9999821 0.00597156 0
 outer loop
  vertex -6.5324 9.660209 5.6610613
  vertex -6.532641 9.6198845 1.443854
  vertex -6.532641 9.6198845 5.6610613
 endloop
endfacet
facet normal -2.3122541e-07 -1 -0
 outer loop
  vertex -6.532641 9.6198845 5.6610613
  vertex -2.4082053 9.619884 1.443854
  vertex -2.4082053 9.619884 5.6610613
 endloop
endfacet
facet normal 7.055632e-08 1 0
 outer loop
  vertex -3.1954567 2.7298503 5.6610613
  vertex -6.574581 2.7298505 1.443854
  vertex -6.574581 2.7298505 5.6610613
 endloop
endfacet
facet normal 7.1815336e-08 1 2.2613881e-07
 outer loop
  vertex -3.2570577 2.4395573 5.6610613
  vertex -6.576941 2.4395585 1.443854
  vertex -6.576941 2.4395576 5.6610613
 endloop
endfacet
facet normal 1.2588775e-07 1 0
 outer loop
  vertex -2.7646425 6.340175 5.6610613
  vertex -6.5524387 6.3401756 1.443854
  vertex -6.5524387 6.3401756 5.6610613
 endloop
endfacet
facet normal 0.9929984 -0.11812742 0
 outer loop
  vertex -2.7694395 6.299851 5.6610613
  vertex -2.7646425 6.340175 1.443854
  vertex -2.7646425 6.340175 5.6610613
 endloop
endfacet
facet normal -0.9929984 -0.11812742 -0
 outer loop
  vertex 2.7782326 6.340175 5.6610613
  vertex 2.7830296 6.299851 1.443854
  vertex 2.7830296 6.299851 5.6610613
 endloop
endfacet
facet normal -0.35625625 0.93438834 0
 outer loop
  vertex -4.822807 1.6359444 7.98667
  vertex -5.051423 1.5487794 1.486522
  vertex -5.051423 1.5487794 7.98667
 endloop
endfacet
facet normal 0.35625947 -0.9343871 0
 outer loop
  vertex -4.822807 1.0407434 7.98667
  vertex -4.594193 1.1279083 1.486522
  vertex -4.594193 1.1279083 7.98667
 endloop
endfacet
facet normal 0.99996215 0.00870319 1.968129e-09
 outer loop
  vertex 6.590881 2.3992336 5.6610613
  vertex 6.59053 2.4395576 1.443854
  vertex 6.59053 2.4395566 5.6610613
 endloop
endfacet
facet normal -0.9999823 0.005959772 1.3477358e-09
 outer loop
  vertex -6.5687723 3.6429994 5.6610613
  vertex -6.5690126 3.6026764 1.443854
  vertex -6.5690126 3.6026754 5.6610613
 endloop
endfacet
facet normal 0.9999823 0.005947947 0
 outer loop
  vertex 6.5808773 3.8929675 5.6610613
  vertex 6.5806375 3.9332914 1.443854
  vertex 6.5806375 3.9332914 5.6610613
 endloop
endfacet
facet normal 2.3494631e-07 1 0
 outer loop
  vertex 6.5513897 8.747058 5.6610613
  vertex 2.4922738 8.747059 1.443854
  vertex 2.4922738 8.747059 5.6610613
 endloop
endfacet
facet normal 0.9930821 -0.117422424 0
 outer loop
  vertex -2.8342614 6.009559 5.6610613
  vertex -2.8294935 6.049883 1.443854
  vertex -2.8294935 6.049883 5.6610613
 endloop
endfacet
facet normal -2.3903772e-07 -1 -0
 outer loop
  vertex 2.5637147 8.416443 5.6610613
  vertex 6.5533543 8.416442 1.443854
  vertex 6.5533543 8.416442 5.6610613
 endloop
endfacet
facet normal -0.9929259 -0.11873593 -0
 outer loop
  vertex 3.0652862 3.9332917 5.6610613
  vertex 3.0701082 3.8929677 1.443854
  vertex 3.0701082 3.8929677 5.6610613
 endloop
endfacet
facet normal -0.99998105 0.006148781 1.3904782e-09
 outer loop
  vertex -6.5468125 7.2533255 5.6610613
  vertex -6.5470605 7.2130013 1.443854
  vertex -6.5470605 7.2130003 5.6610613
 endloop
endfacet
facet normal 0.99998105 0.006149 -2.2474401e-07
 outer loop
  vertex 6.5680676 6.0095587 5.6610613
  vertex 6.5678186 6.0498834 1.443854
  vertex 6.5678196 6.0498824 5.6610613
 endloop
endfacet
facet normal -1.716721e-06 0.999999 0.0013981583
 outer loop
  vertex -5.778861 -1.6328835 1.087533
  vertex -6.33439 -1.6314316 0.048365
  vertex -6.33439 -1.6328845 1.087533
 endloop
endfacet
facet normal -0.9999825 0.005924263 0
 outer loop
  vertex -6.5377984 8.74706 5.6610613
  vertex -6.5380373 8.706736 1.443854
  vertex -6.5380373 8.706736 5.6610613
 endloop
endfacet
facet normal -1.307367e-07 -1 4.4346966e-14
 outer loop
  vertex 2.9263544 5.09641 5.6610613
  vertex 6.5736623 5.0964093 1.443854
  vertex 6.5736637 5.0964093 5.6610613
 endloop
endfacet
facet normal 7.181538e-08 1 2.2613882e-07
 outer loop
  vertex 6.59053 2.4395566 5.6610613
  vertex 3.2706482 2.4395578 1.443854
  vertex 3.2706482 2.4395568 5.6610613
 endloop
endfacet
facet normal -0.9931396 -0.1169346 -0
 outer loop
  vertex 2.4170477 9.660208 5.6610613
  vertex 2.4217956 9.619884 1.443854
  vertex 2.4217956 9.619884 5.6610613
 endloop
endfacet
facet normal -0.99301547 -0.11798377 2.5124007e-07
 outer loop
  vertex 2.6351986 7.543616 5.6610613
  vertex 2.6399884 7.503293 1.443854
  vertex 2.6399894 7.503294 5.6610613
 endloop
endfacet
facet normal -0.9930849 -0.11739788 -0
 outer loop
  vertex 2.3495388 9.950501 5.6610613
  vertex 2.3543057 9.910177 1.443854
  vertex 2.3543057 9.910177 5.6610613
 endloop
endfacet
facet normal 1.3057337e-07 1 0
 outer loop
  vertex 6.5734177 5.1367326 5.6610613
  vertex 2.9215465 5.136733 1.443854
  vertex 2.9215465 5.136733 5.6610613
 endloop
endfacet
facet normal 1.3283731e-07 1 0
 outer loop
  vertex -2.9719546 4.846441 5.6610613
  vertex -6.5615873 4.8464413 1.443854
  vertex -6.5615873 4.8464413 5.6610613
 endloop
endfacet
facet normal -7.19094e-08 -1 -0
 outer loop
  vertex -6.577292 2.3992345 5.6610613
  vertex -3.2617507 2.3992343 1.443854
  vertex -3.2617507 2.3992343 5.6610613
 endloop
endfacet
facet normal 0.9999821 0.0059717014 0
 outer loop
  vertex 6.5533543 8.416442 5.6610613
  vertex 6.5531135 8.456765 1.443854
  vertex 6.5531135 8.456765 5.6610613
 endloop
endfacet
facet normal -0.9999814 0.006101846 2.2613462e-07
 outer loop
  vertex -6.5450363 7.5436163 5.6610613
  vertex -6.5452833 7.5032935 1.443854
  vertex -6.5452824 7.5032935 5.6610613
 endloop
endfacet
facet normal 6.782212e-08 1 0
 outer loop
  vertex 6.5806375 3.9332914 5.6610613
  vertex 3.0652862 3.9332917 1.443854
  vertex 3.0652862 3.9332917 5.6610613
 endloop
endfacet
facet normal -6.911964e-08 -1 -2.2613882e-07
 outer loop
  vertex 3.1332412 3.6026747 5.6610613
  vertex 6.5826015 3.6026754 1.443854
  vertex 6.5826015 3.6026745 5.6610613
 endloop
endfacet
facet normal -0.9119242 0.41035885 0
 outer loop
  vertex -5.051423 1.5487794 1.486522
  vertex -5.146117 1.3383443 7.98667
  vertex -5.051423 1.5487794 7.98667
 endloop
endfacet
facet normal 0.91192484 -0.41035727 -2.1770663e-07
 outer loop
  vertex -4.594193 -0.84711665 0.015245
  vertex -4.499497 -0.63668066 7.98667
  vertex -4.594191 -0.84711665 7.98667
 endloop
endfacet
facet normal -0.99311334 -0.11715741 -2.2458148e-07
 outer loop
  vertex 2.5589578 8.456766 5.6610613
  vertex 2.5637157 8.416443 1.443854
  vertex 2.5637147 8.416443 5.6610613
 endloop
endfacet
facet normal -0.99301004 -0.118029706 -0
 outer loop
  vertex 3.2090473 2.7298498 5.6610613
  vertex 3.2138402 2.6895258 1.443854
  vertex 3.2138402 2.6895258 5.6610613
 endloop
endfacet
facet normal -1.2167675e-07 -1 2.2613884e-07
 outer loop
  vertex 2.6399894 7.503294 5.6610613
  vertex 6.5588737 7.5032926 1.443854
  vertex 6.5588746 7.5032935 5.6610613
 endloop
endfacet
facet normal 1.2588775e-07 1 0
 outer loop
  vertex 6.5660286 6.3401747 5.6610613
  vertex 2.7782326 6.340175 1.443854
  vertex 2.7782326 6.340175 5.6610613
 endloop
endfacet
facet normal -6.791068e-08 -1 0
 outer loop
  vertex -6.5672865 3.8929684 1.443854
  vertex -3.0565197 3.8929682 5.6610613
  vertex -6.5672865 3.8929684 5.6610613
 endloop
endfacet
facet normal 0.99998194 0.0060070334 1.3584235e-09
 outer loop
  vertex 6.546233 9.619883 5.6610613
  vertex 6.545991 9.660208 1.443854
  vertex 6.545991 9.660207 5.6610613
 endloop
endfacet
facet normal -2.2759869e-07 -1 7.7203347e-14
 outer loop
  vertex 2.3543057 9.910177 5.6610613
  vertex 6.5444617 9.910176 1.443854
  vertex 6.544463 9.910176 5.6610613
 endloop
endfacet
facet normal -0.99996215 0.00870319 0
 outer loop
  vertex -6.576941 2.4395576 5.6610613
  vertex -6.577292 2.3992345 1.443854
  vertex -6.577292 2.3992345 5.6610613
 endloop
endfacet
facet normal -1.2603913e-07 -1 -0
 outer loop
  vertex -6.5526867 6.2998514 5.6610613
  vertex -2.7694395 6.299851 1.443854
  vertex -2.7694395 6.299851 5.6610613
 endloop
endfacet
facet normal 2.2735385e-07 1 -4.5227765e-07
 outer loop
  vertex -2.3359482 9.950501 5.6610613
  vertex -6.530618 9.9505005 1.443854
  vertex -6.530618 9.950502 5.6610613
 endloop
endfacet
facet normal 0.9931396 -0.1169346 -2.6443452e-08
 outer loop
  vertex -2.4082053 9.619884 5.6610613
  vertex -2.4034574 9.660209 1.443854
  vertex -2.4034574 9.660208 5.6610613
 endloop
endfacet
facet normal 0.9931085 -0.11719826 2.8072546e-07
 outer loop
  vertex -2.6921225 7.213 5.6610613
  vertex -2.6873624 7.253325 1.443854
  vertex -2.6873636 7.253325 5.6610613
 endloop
endfacet
facet normal 1.2355058e-07 1 0
 outer loop
  vertex -2.6873636 7.253325 5.6610613
  vertex -6.5468125 7.2533255 1.443854
  vertex -6.5468125 7.2533255 5.6610613
 endloop
endfacet
facet normal -2.3122529e-07 -1 7.843352e-14
 outer loop
  vertex 2.4217956 9.619884 5.6610613
  vertex 6.5462317 9.619883 1.443854
  vertex 6.546233 9.619883 5.6610613
 endloop
endfacet
facet normal -0.99998105 0.006148999 1.3905275e-09
 outer loop
  vertex -6.5542297 6.0498834 5.6610613
  vertex -6.5544777 6.0095606 1.443854
  vertex -6.5544777 6.0095596 5.6610613
 endloop
endfacet
facet normal -6.791064e-08 -1 -0
 outer loop
  vertex 3.0701082 3.8929677 5.6610613
  vertex 6.5808773 3.8929675 1.443854
  vertex 6.5808773 3.8929675 5.6610613
 endloop
endfacet
facet normal 6.902852e-08 1 2.2613882e-07
 outer loop
  vertex -3.1148589 3.6429992 5.6610613
  vertex -6.5687723 3.6430004 1.443854
  vertex -6.5687723 3.6429994 5.6610613
 endloop
endfacet
facet normal 1.3283722e-07 1 3.0039654e-14
 outer loop
  vertex 6.5751786 4.8464403 5.6610613
  vertex 2.9855444 4.846441 1.443854
  vertex 2.9855435 4.846441 5.6610613
 endloop
endfacet
facet normal 0.3562588 -0.9343873 0
 outer loop
  vertex 4.822807 1.0407426 7.98667
  vertex 5.051421 1.1279076 1.486522
  vertex 5.051421 1.1279076 7.98667
 endloop
endfacet
facet normal -0.99296635 -0.118396476 -2.2454824e-07
 outer loop
  vertex 2.9215465 5.136733 5.6610613
  vertex 2.9263554 5.09641 1.443854
  vertex 2.9263544 5.09641 5.6610613
 endloop
endfacet
facet normal 1.2355052e-07 1 0
 outer loop
  vertex 6.5604033 7.2533245 5.6610613
  vertex 2.7009525 7.253325 1.443854
  vertex 2.7009525 7.253325 5.6610613
 endloop
endfacet
facet normal -0.9931048 -0.11722995 -0
 outer loop
  vertex 2.7009525 7.253325 5.6610613
  vertex 2.7057126 7.213001 1.443854
  vertex 2.7057126 7.213001 5.6610613
 endloop
endfacet
facet normal 0.99292314 -0.11875908 0
 outer loop
  vertex -3.0565197 3.8929682 5.6610613
  vertex -3.0516968 3.9332922 1.443854
  vertex -3.0516968 3.9332922 5.6610613
 endloop
endfacet
facet normal -7.06506e-08 -1 -0
 outer loop
  vertex 3.2138402 2.6895258 5.6610613
  vertex 6.588455 2.6895256 1.443854
  vertex 6.588455 2.6895256 5.6610613
 endloop
endfacet
facet normal -0.99998105 0.0061489264 0
 outer loop
  vertex -6.5524387 6.3401756 5.6610613
  vertex -6.5526867 6.2998514 1.443854
  vertex -6.5526867 6.2998514 5.6610613
 endloop
endfacet
facet normal 0.35625684 0.9343881 0
 outer loop
  vertex -4.594191 -0.42624563 0.015245
  vertex -4.822807 -0.33908063 7.98667
  vertex -4.594191 -0.42624563 7.98667
 endloop
endfacet
facet normal -0.99307865 -0.11745137 1.9801331e-07
 outer loop
  vertex 2.8430834 6.049883 5.6610613
  vertex 2.8478515 6.00956 1.443854
  vertex 2.8478525 6.009559 5.6610613
 endloop
endfacet
facet normal 0.3562562 -0.93438834 0
 outer loop
  vertex 4.822807 -0.93428236 0.015245
  vertex 5.051423 -0.84711736 7.98667
  vertex 4.822807 -0.93428236 7.98667
 endloop
endfacet
facet normal -1.2817462e-07 -1 -2.2613881e-07
 outer loop
  vertex 2.8478525 6.009559 5.6610613
  vertex 6.5680676 6.0095596 1.443854
  vertex 6.5680676 6.0095587 5.6610613
 endloop
endfacet
facet normal -0.9999815 0.006078124 0
 outer loop
  vertex -6.5598273 5.1367335 5.6610613
  vertex -6.5600724 5.0964103 1.443854
  vertex -6.5600724 5.0964103 5.6610613
 endloop
endfacet
facet normal 0.9930152 -0.11798682 0
 outer loop
  vertex -2.6263995 7.503293 5.6610613
  vertex -2.6216085 7.543616 1.443854
  vertex -2.6216085 7.543616 5.6610613
 endloop
endfacet
facet normal -0.9999752 0.0070357923 0
 outer loop
  vertex -6.574581 2.7298505 5.6610613
  vertex -6.574865 2.6895266 1.443854
  vertex -6.574865 2.6895266 5.6610613
 endloop
endfacet
facet normal 2.3097301e-07 1 2.2613882e-07
 outer loop
  vertex -2.4034574 9.660208 5.6610613
  vertex -6.5324 9.66021 1.443854
  vertex -6.5324 9.660209 5.6610613
 endloop
endfacet
facet normal -2.390378e-07 -1 -0
 outer loop
  vertex -6.5397635 8.416444 5.6610613
  vertex -2.5501254 8.416443 1.443854
  vertex -2.5501254 8.416443 5.6610613
 endloop
endfacet
facet normal 0.99301004 -0.118029706 2.5400655e-07
 outer loop
  vertex -3.1196518 3.6026752 5.6610613
  vertex -3.1148577 3.6430001 1.443854
  vertex -3.1148589 3.6429992 5.6610613
 endloop
endfacet
facet normal -1.3073678e-07 -1 -0
 outer loop
  vertex -6.5600724 5.0964103 5.6610613
  vertex -2.9127655 5.09641 1.443854
  vertex -2.9127655 5.09641 5.6610613
 endloop
endfacet
facet normal -0.9119226 0.41036224 0
 outer loop
  vertex 4.594191 -0.42624635 7.98667
  vertex 4.499496 -0.6366814 0.015245
  vertex 4.499496 -0.6366814 7.98667
 endloop
endfacet
facet normal 1.2153586e-07 1 2.2613882e-07
 outer loop
  vertex 6.5586267 7.5436153 5.6610613
  vertex 2.6351986 7.543617 1.443854
  vertex 2.6351986 7.543616 5.6610613
 endloop
endfacet
facet normal -0.9932952 -0.11560556 2.2462261e-07
 outer loop
  vertex 3.2706482 2.4395568 5.6610613
  vertex 3.2753403 2.3992338 1.443854
  vertex 3.2753413 2.3992338 5.6610613
 endloop
endfacet
facet normal -0.034272533 0.9994097 0.0024057943
 outer loop
  vertex -2.3798569e-07 -3.152216 0.087174
  vertex 1.4470688 -3.105 1.087533
  vertex 1.4470688 -3.102589 0.085908
 endloop
endfacet
facet normal -1.2167682e-07 -1 -0
 outer loop
  vertex -6.5452824 7.5032935 5.6610613
  vertex -2.6263995 7.503293 1.443854
  vertex -2.6263995 7.503293 5.6610613
 endloop
endfacet
facet normal -1.3300533e-07 -1 -0
 outer loop
  vertex -6.5618315 4.8061185 5.6610613
  vertex -2.9767334 4.806118 1.443854
  vertex -2.9767334 4.806118 5.6610613
 endloop
endfacet
facet normal 2.2735382e-07 1 -4.5227765e-07
 outer loop
  vertex 6.544209 9.9505005 5.6610613
  vertex 2.3495388 9.9505 1.443854
  vertex 2.3495388 9.950501 5.6610613
 endloop
endfacet
facet normal -0.99304676 -0.117720485 -1.9794524e-07
 outer loop
  vertex 2.9855435 4.846441 5.6610613
  vertex 2.9903245 4.806117 1.443854
  vertex 2.9903235 4.806118 5.6610613
 endloop
endfacet
facet normal -0.9999825 0.0059242984 0
 outer loop
  vertex -6.5670476 3.9332924 5.6610613
  vertex -6.5672865 3.8929684 1.443854
  vertex -6.5672865 3.8929684 5.6610613
 endloop
endfacet
facet normal 6.9028495e-08 1 2.261388e-07
 outer loop
  vertex 6.5823627 3.6429994 1.443854
  vertex 3.1284482 3.6429987 5.6610613
  vertex 6.5823636 3.6429985 5.6610613
 endloop
endfacet
facet normal -0.9999823 0.0059480523 2.2613482e-07
 outer loop
  vertex -6.5395236 8.456767 5.6610613
  vertex -6.5397644 8.416444 1.443854
  vertex -6.5397635 8.416444 5.6610613
 endloop
endfacet
facet normal -1.2369519e-07 -1 -0
 outer loop
  vertex 2.7057126 7.213001 5.6610613
  vertex 6.5606494 7.2130003 1.443854
  vertex 6.5606494 7.2130003 5.6610613
 endloop
endfacet
facet normal 1.305734e-07 1 0
 outer loop
  vertex -2.9079566 5.136733 5.6610613
  vertex -6.5598273 5.1367335 1.443854
  vertex -6.5598273 5.1367335 5.6610613
 endloop
endfacet
facet normal -2.2759876e-07 -1 -0
 outer loop
  vertex -6.530871 9.910178 5.6610613
  vertex -2.3407152 9.910177 1.443854
  vertex -2.3407152 9.910177 5.6610613
 endloop
endfacet
facet normal 2.3097297e-07 1 2.2613882e-07
 outer loop
  vertex 6.545991 9.660207 5.6610613
  vertex 2.4170477 9.660209 1.443854
  vertex 2.4170477 9.660208 5.6610613
 endloop
endfacet
facet normal 0.9929636 -0.118419625 0
 outer loop
  vertex -2.9127655 5.09641 5.6610613
  vertex -2.9079566 5.136733 1.443854
  vertex -2.9079566 5.136733 5.6610613
 endloop
endfacet
facet normal -0.99302185 -0.11793058 -0
 outer loop
  vertex 2.4922738 8.747059 5.6610613
  vertex 2.4970627 8.706735 1.443854
  vertex 2.4970627 8.706735 5.6610613
 endloop
endfacet
facet normal 2.3876737e-07 1 0
 outer loop
  vertex -2.5453672 8.456766 5.6610613
  vertex -6.5395236 8.456767 1.443854
  vertex -6.5395236 8.456767 5.6610613
 endloop
endfacet
facet normal -1.2369516e-07 -1 -2.2613884e-07
 outer loop
  vertex -6.5470605 7.2130003 5.6610613
  vertex -2.6921225 7.213001 1.443854
  vertex -2.6921225 7.213 5.6610613
 endloop
endfacet
facet normal 7.055633e-08 1 -1.5955526e-14
 outer loop
  vertex 6.58817 2.7298496 1.443854
  vertex 3.2090473 2.7298498 5.6610613
  vertex 6.588171 2.7298496 5.6610613
 endloop
endfacet
facet normal -0.35625878 -0.9343873 0
 outer loop
  vertex -5.051421 -0.84711665 0.015245
  vertex -4.822807 -0.93428165 7.98667
  vertex -5.051421 -0.84711665 7.98667
 endloop
endfacet
facet normal -0.35625684 0.9343881 0
 outer loop
  vertex 4.822807 -0.33908135 7.98667
  vertex 4.594191 -0.42624635 0.015245
  vertex 4.594191 -0.42624635 7.98667
 endloop
endfacet
facet normal 0.9999814 0.0061016297 -2.2613462e-07
 outer loop
  vertex 6.5606494 7.2130003 5.6610613
  vertex 6.5604024 7.2533245 1.443854
  vertex 6.5604033 7.2533245 5.6610613
 endloop
endfacet
facet normal 0.99998134 0.0061017736 0
 outer loop
  vertex 6.5736637 5.0964093 5.6610613
  vertex 6.5734177 5.1367326 1.443854
  vertex 6.5734177 5.1367326 5.6610613
 endloop
endfacet
facet normal -2.3520997e-07 -1 5.3190105e-14
 outer loop
  vertex 2.4970627 8.706735 5.6610613
  vertex 6.5516276 8.706734 1.443854
  vertex 6.5516286 8.706734 5.6610613
 endloop
endfacet
facet normal 1.2801904e-07 1 4.3425113e-14
 outer loop
  vertex -2.8294935 6.049883 5.6610613
  vertex -6.5542283 6.0498834 1.443854
  vertex -6.5542297 6.0498834 5.6610613
 endloop
endfacet
facet normal 0.99998105 0.00614929 1.3905933e-09
 outer loop
  vertex 6.5588746 7.5032935 5.6610613
  vertex 6.5586267 7.5436163 1.443854
  vertex 6.5586267 7.5436153 5.6610613
 endloop
endfacet
facet normal 0.99998254 0.0059006494 -2.2480052e-07
 outer loop
  vertex 6.5826015 3.6026745 5.6610613
  vertex 6.5823627 3.6429994 1.443854
  vertex 6.5823636 3.6429985 5.6610613
 endloop
endfacet
facet normal 0.9930502 -0.117691524 0
 outer loop
  vertex -2.9767334 4.806118 5.6610613
  vertex -2.9719546 4.846441 1.443854
  vertex -2.9719546 4.846441 5.6610613
 endloop
endfacet
facet normal -1.3300532e-07 -1 2.2613882e-07
 outer loop
  vertex 2.9903235 4.806118 5.6610613
  vertex 6.5754223 4.8061166 1.443854
  vertex 6.5754223 4.8061175 5.6610613
 endloop
endfacet
facet normal 0.9930039 -0.118081816 0
 outer loop
  vertex -3.2002518 2.6895263 5.6610613
  vertex -3.1954567 2.7298503 1.443854
  vertex -3.1954567 2.7298503 5.6610613
 endloop
endfacet
facet normal 2.3876743e-07 1 0
 outer loop
  vertex 6.5531135 8.456765 5.6610613
  vertex 2.5589578 8.456766 1.443854
  vertex 2.5589578 8.456766 5.6610613
 endloop
endfacet
facet normal -0.9999804 0.006267171 0
 outer loop
  vertex -6.530618 9.950502 5.6610613
  vertex -6.530871 9.910178 1.443854
  vertex -6.530871 9.910178 5.6610613
 endloop
endfacet
facet normal 0.3562588 0.9343873 0
 outer loop
  vertex 5.051421 1.5487787 7.98667
  vertex 4.822807 1.6359437 1.486522
  vertex 4.822807 1.6359437 7.98667
 endloop
endfacet
facet normal 0.9999801 0.0063026436 -2.850545e-09
 outer loop
  vertex 6.544463 9.910176 5.6610613
  vertex 6.544209 9.950499 1.443854
  vertex 6.544209 9.9505005 5.6610613
 endloop
endfacet
facet normal 0.9999752 0.0070476173 -2.2613321e-07
 outer loop
  vertex 6.588455 2.6895256 5.6610613
  vertex 6.58817 2.7298496 1.443854
  vertex 6.588171 2.7298496 5.6610613
 endloop
endfacet
facet normal 1.2801904e-07 1 2.261388e-07
 outer loop
  vertex 6.5678186 6.0498834 1.443854
  vertex 2.8430834 6.049883 5.6610613
  vertex 6.5678196 6.0498824 5.6610613
 endloop
endfacet
facet normal -7.065064e-08 -1 0
 outer loop
  vertex -6.574865 2.6895266 1.443854
  vertex -3.2002518 2.6895263 5.6610613
  vertex -6.574865 2.6895266 5.6610613
 endloop
endfacet
facet normal 0.99998105 0.0061489264 0
 outer loop
  vertex 6.5662766 6.2998505 5.6610613
  vertex 6.5660286 6.3401747 1.443854
  vertex 6.5660286 6.3401747 5.6610613
 endloop
endfacet
facet normal 1.2153585e-07 1 0
 outer loop
  vertex -2.6216085 7.543616 5.6610613
  vertex -6.5450363 7.5436163 1.443854
  vertex -6.5450363 7.5436163 5.6610613
 endloop
endfacet
facet normal -0.91191953 0.41036916 0
 outer loop
  vertex 4.594193 1.5487787 7.98667
  vertex 4.499496 1.3383436 1.486522
  vertex 4.499496 1.3383436 7.98667
 endloop
endfacet
facet normal -0.35625947 -0.9343871 -0
 outer loop
  vertex 4.594193 -0.84711736 7.98667
  vertex 4.822807 -0.93428236 0.015245
  vertex 4.822807 -0.93428236 7.98667
 endloop
endfacet
facet normal 0.9931099 -0.11718636 0
 outer loop
  vertex -2.5501254 8.416443 5.6610613
  vertex -2.5453672 8.456766 1.443854
  vertex -2.5453672 8.456766 5.6610613
 endloop
endfacet
facet normal 0 0 -1
 outer loop
  vertex -5.051421 -0.4262456 0.015245
  vertex -4.594193 -0.84711665 0.015245
  vertex -5.051421 -0.84711665 0.015245
 endloop
endfacet
facet normal 0 -0 1
 outer loop
  vertex 4.822807 1.6359437 7.98667
  vertex 4.822807 1.0407426 7.98667
  vertex 5.146117 1.3383436 7.98667
 endloop
endfacet
facet normal 0.9999825 0.005924263 -3.3920227e-07
 outer loop
  vertex 6.5516286 8.706734 5.6610613
  vertex 6.5513883 8.747058 1.443854
  vertex 6.5513897 8.747058 5.6610613
 endloop
endfacet
facet normal -0.35625947 0.9343871 1.04537776e-07
 outer loop
  vertex 4.822807 1.6359437 7.98667
  vertex 4.594191 1.5487787 1.486522
  vertex 4.594193 1.5487787 7.98667
 endloop
endfacet
facet normal 0 0 -1
 outer loop
  vertex 5.051421 -0.42624637 0.015245
  vertex 4.594191 -0.84711736 0.015245
  vertex 4.594191 -0.42624635 0.015245
 endloop
endfacet
facet normal -1.2817458e-07 -1 -2.2613882e-07
 outer loop
  vertex -6.5544777 6.0095596 5.6610613
  vertex -2.8342614 6.00956 1.443854
  vertex -2.8342614 6.009559 5.6610613
 endloop
endfacet
facet normal 0.91192484 -0.41035733 1.09099595e-07
 outer loop
  vertex 5.051423 -0.84711736 7.98667
  vertex 5.146118 -0.63668144 0.015245
  vertex 5.146117 -0.63668144 7.98667
 endloop
endfacet
facet normal 0.9119218 -0.41036418 1.3379334e-07
 outer loop
  vertex 5.051421 1.1279076 7.98667
  vertex 5.146118 1.3383436 1.486522
  vertex 5.146117 1.3383436 7.98667
 endloop
endfacet
facet normal -6.9119636e-08 -1 -2.2613882e-07
 outer loop
  vertex -6.5690126 3.6026754 5.6610613
  vertex -3.1196518 3.6026762 1.443854
  vertex -3.1196518 3.6026752 5.6610613
 endloop
endfacet
facet normal -0.9999817 0.0060545467 0
 outer loop
  vertex -6.5615873 4.8464413 5.6610613
  vertex -6.5618315 4.8061185 1.443854
  vertex -6.5618315 4.8061185 5.6610613
 endloop
endfacet
facet normal 0 -0 1
 outer loop
  vertex 4.822807 -0.33908135 7.98667
  vertex 4.822807 -0.93428236 7.98667
  vertex 5.146117 -0.63668144 7.98667
 endloop
endfacet
facet normal 0.99302113 -0.11793638 0
 outer loop
  vertex -2.4834723 8.706735 5.6610613
  vertex -2.4786832 8.747059 1.443854
  vertex -2.4786832 8.747059 5.6610613
 endloop
endfacet
facet normal 0.9119241 0.41035876 -2.1819903e-07
 outer loop
  vertex 5.146117 -0.63668144 7.98667
  vertex 5.051421 -0.42624637 0.015245
  vertex 5.051423 -0.42624637 7.98667
 endloop
endfacet
facet normal -0.9119202 -0.4103676 -0
 outer loop
  vertex 4.499496 1.3383436 7.98667
  vertex 4.594193 1.1279076 1.486522
  vertex 4.594193 1.1279076 7.98667
 endloop
endfacet
facet normal 0.35625687 0.9343881 0
 outer loop
  vertex -4.594191 1.5487794 1.486522
  vertex -4.822807 1.6359444 7.98667
  vertex -4.594191 1.5487794 7.98667
 endloop
endfacet
facet normal 2.3494634e-07 1 0
 outer loop
  vertex -2.4786832 8.747059 5.6610613
  vertex -6.5377984 8.74706 1.443854
  vertex -6.5377984 8.74706 5.6610613
 endloop
endfacet
facet normal 0.99998176 0.0060427217 0
 outer loop
  vertex 6.5754223 4.8061175 5.6610613
  vertex 6.5751786 4.8464403 1.443854
  vertex 6.5751786 4.8464403 5.6610613
 endloop
endfacet
facet normal 0 0 -1
 outer loop
  vertex -5.051423 1.5487794 1.486522
  vertex -4.594193 1.1279083 1.486522
  vertex -5.051421 1.1279083 1.486522
 endloop
endfacet
facet normal 0.3562563 0.9343883 0
 outer loop
  vertex 5.051423 -0.42624637 7.98667
  vertex 4.822807 -0.33908135 0.015245
  vertex 4.822807 -0.33908135 7.98667
 endloop
endfacet
facet normal -0.9119218 -0.41036403 1.0935921e-07
 outer loop
  vertex -5.146118 -0.6366806 0.015245
  vertex -5.051421 -0.84711665 7.98667
  vertex -5.146117 -0.6366806 7.98667
 endloop
endfacet
facet normal 0 0 1
 outer loop
  vertex -1.4470693 -3.105 1.087533
  vertex -2.3990884e-07 -3.177689 1.087533
  vertex -2.381702e-07 -3.15466 1.087533
 endloop
endfacet
facet normal -0.9119241 0.41035885 -2.1770747e-07
 outer loop
  vertex -5.051421 -0.4262456 0.015245
  vertex -5.146117 -0.6366806 7.98667
  vertex -5.051423 -0.4262456 7.98667
 endloop
endfacet
facet normal 0.9119202 -0.4103676 0
 outer loop
  vertex -4.594193 1.1279083 1.486522
  vertex -4.499496 1.3383443 7.98667
  vertex -4.594193 1.1279083 7.98667
 endloop
endfacet
facet normal 0 0 -1
 outer loop
  vertex 5.051421 1.5487787 1.486522
  vertex 4.594193 1.1279076 1.486522
  vertex 4.594191 1.5487787 1.486522
 endloop
endfacet
facet normal 0.35625684 -0.9343881 0
 outer loop
  vertex -4.822807 -0.93428165 0.015245
  vertex -4.594191 -0.84711665 7.98667
  vertex -4.822807 -0.93428165 7.98667
 endloop
endfacet
facet normal -0.9119202 -0.41036755 2.1819808e-07
 outer loop
  vertex 4.499496 -0.6366814 7.98667
  vertex 4.594191 -0.84711736 0.015245
  vertex 4.594193 -0.84711736 7.98667
 endloop
endfacet
facet normal -2.3521002e-07 -1 -0
 outer loop
  vertex -6.5380373 8.706736 5.6610613
  vertex -2.4834723 8.706735 1.443854
  vertex -2.4834723 8.706735 5.6610613
 endloop
endfacet
facet normal -0.3562588 -0.9343873 0
 outer loop
  vertex -5.051421 1.1279083 1.486522
  vertex -4.822807 1.0407434 7.98667
  vertex -5.051421 1.1279083 7.98667
 endloop
endfacet
facet normal 0.9119211 0.4103657 0
 outer loop
  vertex 5.146117 1.3383436 7.98667
  vertex 5.051421 1.5487787 1.486522
  vertex 5.051421 1.5487787 7.98667
 endloop
endfacet
facet normal 0 -0 1
 outer loop
  vertex -4.822807 1.6359444 7.98667
  vertex -4.822807 1.0407434 7.98667
  vertex -4.499496 1.3383443 7.98667
 endloop
endfacet
facet normal 0.9119226 0.41036227 -1.3411291e-07
 outer loop
  vertex -4.499497 1.3383443 1.486522
  vertex -4.594191 1.5487794 7.98667
  vertex -4.499496 1.3383443 7.98667
 endloop
endfacet
facet normal -0.9119218 -0.41036418 0
 outer loop
  vertex -5.146117 1.3383443 1.486522
  vertex -5.051421 1.1279083 7.98667
  vertex -5.146117 1.3383443 7.98667
 endloop
endfacet
facet normal 0.9930849 -0.11739788 5.309644e-08
 outer loop
  vertex -2.3407152 9.910177 5.6610613
  vertex -2.3359482 9.9505 1.443854
  vertex -2.3359482 9.950501 5.6610613
 endloop
endfacet
facet normal -0.35625947 -0.9343871 0
 outer loop
  vertex 4.594193 1.1279076 1.486522
  vertex 4.822807 1.0407426 7.98667
  vertex 4.594193 1.1279076 7.98667
 endloop
endfacet
facet normal 6.782213e-08 1 0
 outer loop
  vertex -3.0516968 3.9332922 5.6610613
  vertex -6.5670476 3.9332924 1.443854
  vertex -6.5670476 3.9332924 5.6610613
 endloop
endfacet
facet normal 0.95125306 0.30841056 -0.0007146844
 outer loop
  vertex 6.3379645 -4.3921595 0.118816
  vertex 6.3308153 -4.3677235 1.148084
  vertex 6.3379645 -4.3897743 1.148084
 endloop
endfacet
facet normal 0.18059026 -0.9835569 0.0017120024
 outer loop
  vertex 1.9119567 -5.370699 0.143787
  vertex 3.7898695 -5.0241485 1.148084
  vertex 1.9119567 -5.368951 1.148084
 endloop
endfacet
facet normal 0.22968501 0.9732631 -0.0019077861
 outer loop
  vertex -3.7843165 -5.0036907 0.134422
  vertex -5.7788615 -4.5310016 1.148084
  vertex -3.7843165 -5.0017037 1.148084
 endloop
endfacet
facet normal 0.28366745 0.9589203 -0.002143892
 outer loop
  vertex -5.7788615 -4.5332947 0.122418
  vertex -6.3308163 -4.3677225 1.148084
  vertex -5.7788615 -4.5310016 1.148084
 endloop
endfacet
facet normal -3.6861106e-08 -0.025512772 -0.9996745
 outer loop
  vertex -4.1715845e-07 -5.525431 0.147736
  vertex 1.9119567 -5.370699 0.143787
  vertex -4.1890382e-07 -5.548549 0.148326
 endloop
endfacet
facet normal 0.09267936 -0.99569464 0.001626541
 outer loop
  vertex -4.1890382e-07 -5.548549 0.148326
  vertex 1.9119567 -5.368951 1.148084
  vertex -4.1878053e-07 -5.546916 1.148084
 endloop
endfacet
facet normal 0 -0 1
 outer loop
  vertex 3.7843156 -5.0017033 1.148084
  vertex 1.9119567 -5.368951 1.148084
  vertex 3.7898695 -5.0241485 1.148084
 endloop
endfacet
facet normal 3.1184072e-06 -0.025492884 -0.99967504
 outer loop
  vertex -3.7843165 -5.0036907 0.134422
  vertex -1.9119574 -5.3707 0.143787
  vertex -3.7898705 -5.0261216 0.134994
 endloop
endfacet
facet normal -0.092676595 0.995695 -0.0016402839
 outer loop
  vertex 1.9082236 -5.346171 1.148084
  vertex -4.1715845e-07 -5.525431 0.147736
  vertex -4.1703404e-07 -5.523783 1.148084
 endloop
endfacet
facet normal 0.19487222 0.9808272 0.0016306861
 outer loop
  vertex -3.7843163 -2.0274518 0.058471
  vertex -5.778861 -1.6328835 1.087533
  vertex -3.7843163 -2.0291626 1.087533
 endloop
endfacet
facet normal -0.22968479 0.9732632 -0.0019091642
 outer loop
  vertex 5.7788606 -4.5310016 1.148084
  vertex 3.7843156 -5.0036917 0.134422
  vertex 3.7843156 -5.0017033 1.148084
 endloop
endfacet
facet normal -0.2834952 -0.9589711 0.0022231275
 outer loop
  vertex -5.7855425 -4.5554595 0.122984
  vertex -6.3379655 -4.3897734 1.148084
  vertex -6.3379655 -4.3921595 0.118816
 endloop
endfacet
facet normal -0.28351378 0.95896554 -0.0022338901
 outer loop
  vertex 5.7788606 -4.5332956 0.122418
  vertex 6.3308153 -4.3677235 1.148084
  vertex 6.3308153 -4.3701224 0.118254
 endloop
endfacet
facet normal -0.092679374 -0.9956947 0.0016265295
 outer loop
  vertex -1.9119574 -5.368951 1.148084
  vertex -4.1890382e-07 -5.548549 0.148326
  vertex -4.1878053e-07 -5.546916 1.148084
 endloop
endfacet
facet normal -0.18059072 -0.9835568 0.0017129185
 outer loop
  vertex -3.7898705 -5.0241475 1.148084
  vertex -1.9119574 -5.3707 0.143787
  vertex -1.9119574 -5.368951 1.148084
 endloop
endfacet
facet normal 0.28365108 -0.9589251 0.0021308009
 outer loop
  vertex 5.7855415 -4.5554595 0.122983
  vertex 6.3379645 -4.3897743 1.148084
  vertex 5.7855415 -4.5531816 1.148084
 endloop
endfacet
facet normal -3.960853e-06 -0.02549574 -0.9996749
 outer loop
  vertex 5.7855415 -4.5554595 0.122983
  vertex 6.3308153 -4.3701224 0.118254
  vertex 6.3379645 -4.3921595 0.118816
 endloop
endfacet
facet normal -6.0379557e-06 -0.025485476 -0.9996752
 outer loop
  vertex 3.7898695 -5.0261216 0.134994
  vertex 5.7788606 -4.5332956 0.122418
  vertex 5.7855415 -4.5554595 0.122983
 endloop
endfacet
facet normal -2.941465e-06 -0.025493886 -0.999675
 outer loop
  vertex 1.9119567 -5.370699 0.143787
  vertex 3.7843156 -5.0036917 0.134422
  vertex 3.7898695 -5.0261216 0.134994
 endloop
endfacet
facet normal 0 0 1
 outer loop
  vertex 1.9119567 -5.368951 1.148084
  vertex -4.1703404e-07 -5.523783 1.148084
  vertex -4.1878053e-07 -5.546916 1.148084
 endloop
endfacet
facet normal -0.18059003 0.9835569 -0.0017254632
 outer loop
  vertex 3.7843156 -5.0017033 1.148084
  vertex 1.9082236 -5.347934 0.143206
  vertex 1.9082236 -5.346171 1.148084
 endloop
endfacet
facet normal 1.3449987e-06 -0.025517454 -0.9996743
 outer loop
  vertex 3.7843158 -2.0274522 0.058471
  vertex 5.781528 -1.6544294 0.048952
  vertex 3.7881718 -2.0502133 0.059052
 endloop
endfacet
facet normal 0.2296844 -0.9732632 0.0018955912
 outer loop
  vertex 3.7898695 -5.0261216 0.134994
  vertex 5.7855415 -4.5531816 1.148084
  vertex 3.7898695 -5.0241485 1.148084
 endloop
endfacet
facet normal -4.097192e-06 -0.025526349 -0.9996742
 outer loop
  vertex -5.7788615 -4.5332947 0.122418
  vertex -3.7898705 -5.0261216 0.134994
  vertex -5.7855425 -4.5554595 0.122984
 endloop
endfacet
facet normal -0.08888282 0.9960405 0.0017970481
 outer loop
  vertex 3.7843158 -2.0291631 1.087533
  vertex 1.4470689 -2.235883 0.06379
  vertex 1.4470689 -2.23773 1.087533
 endloop
endfacet
facet normal 0 -0 1
 outer loop
  vertex 5.7788606 -4.5310016 1.148084
  vertex 3.7898695 -5.0241485 1.148084
  vertex 5.7855415 -4.5531816 1.148084
 endloop
endfacet
facet normal 0 0 1
 outer loop
  vertex -3.7843165 -5.0017037 1.148084
  vertex -1.9119574 -5.368951 1.148084
  vertex -1.9082243 -5.346171 1.148084
 endloop
endfacet
facet normal 5.905337e-06 -0.025495283 -0.999675
 outer loop
  vertex -6.3308163 -4.3701215 0.118254
  vertex -5.7855425 -4.5554595 0.122984
  vertex -6.3379655 -4.3921595 0.118816
 endloop
endfacet
facet normal 0 0 1
 outer loop
  vertex -5.7788615 -4.5310016 1.148084
  vertex -3.7898705 -5.0241475 1.148084
  vertex -3.7843165 -5.0017037 1.148084
 endloop
endfacet
facet normal 0 -0 1
 outer loop
  vertex -4.822807 -0.33908063 7.98667
  vertex -4.822807 -0.93428165 7.98667
  vertex -4.499497 -0.63668066 7.98667
 endloop
endfacet
facet normal 0 0 1
 outer loop
  vertex -6.3308163 -4.3677225 1.148084
  vertex -5.7855425 -4.5531807 1.148084
  vertex -5.7788615 -4.5310016 1.148084
 endloop
endfacet
facet normal -0.9512531 0.30841056 -0.0007149705
 outer loop
  vertex -6.3308163 -4.3677225 1.148084
  vertex -6.3379655 -4.3921595 0.118816
  vertex -6.3379655 -4.3897734 1.148084
 endloop
endfacet
facet normal -1 0 0
 outer loop
  vertex -6.33439 -1.6328845 1.087533
  vertex -6.33439 -1.6544285 0.048952
  vertex -6.33439 -1.6558965 1.087533
 endloop
endfacet
facet normal 1.16099194e-07 -0.025511935 -0.9996745
 outer loop
  vertex -4.1715845e-07 -5.525431 0.147736
  vertex -1.9119574 -5.3707 0.143787
  vertex -1.9082243 -5.347934 0.143206
 endloop
endfacet
facet normal 0.034297325 0.99940866 0.002441707
 outer loop
  vertex -2.3798569e-07 -3.152216 0.087174
  vertex -1.4470693 -3.105 1.087533
  vertex -2.381702e-07 -3.15466 1.087533
 endloop
endfacet
facet normal 0.19487214 -0.9808272 -0.0016459257
 outer loop
  vertex 3.7881718 -2.0502133 0.059052
  vertex 5.781528 -1.6558964 1.087533
  vertex 3.7881718 -2.0519392 1.087533
 endloop
endfacet
facet normal -1.5039249e-06 -0.025470681 -0.9996756
 outer loop
  vertex -2.397232e-07 -3.17523 0.087761
  vertex 1.4470688 -3.102589 0.085908
  vertex 1.4720688 -3.124726 0.086472
 endloop
endfacet
facet normal -0 -0 -1
 outer loop
  vertex -2.4082053 9.619884 1.443854
  vertex -6.5324 9.66021 1.443854
  vertex -2.4034574 9.660209 1.443854
 endloop
endfacet
facet normal 1.9405966e-06 -0.999999 -0.0014135255
 outer loop
  vertex -6.33439 -1.6544285 0.048952
  vertex -5.781528 -1.6558955 1.087533
  vertex -6.33439 -1.6558965 1.087533
 endloop
endfacet
facet normal 0.08888301 0.9960405 0.0017970452
 outer loop
  vertex -1.4470692 -2.235883 0.06379
  vertex -3.7843163 -2.0291626 1.087533
  vertex -1.4470692 -2.23773 1.087533
 endloop
endfacet
facet normal 0 -0 1
 outer loop
  vertex 5.781528 -1.6558964 1.087533
  vertex 3.7843158 -2.0291631 1.087533
  vertex 3.7881718 -2.0519392 1.087533
 endloop
endfacet
facet normal 1 -1.3745348e-07 -3.3088016e-10
 outer loop
  vertex -1.4470693 -3.102589 0.085908
  vertex -1.4470692 -2.23773 1.087533
  vertex -1.4470693 -3.105 1.087533
 endloop
endfacet
facet normal 5.355274e-07 -0.025517598 -0.9996744
 outer loop
  vertex 1.4720689 -2.256758 0.064323
  vertex 3.7843158 -2.0274522 0.058471
  vertex 3.7881718 -2.0502133 0.059052
 endloop
endfacet
facet normal 0.09267658 0.995695 -0.0016402814
 outer loop
  vertex -4.1715845e-07 -5.525431 0.147736
  vertex -1.9082243 -5.346171 1.148084
  vertex -4.1703404e-07 -5.523783 1.148084
 endloop
endfacet
facet normal -0.19487241 -0.9808272 -0.0016459435
 outer loop
  vertex -5.781528 -1.6558955 1.087533
  vertex -3.7881722 -2.0502129 0.059052
  vertex -3.7881722 -2.0519388 1.087533
 endloop
endfacet
facet normal -0.08888289 -0.99604046 -0.0018107488
 outer loop
  vertex -3.7881722 -2.0519388 1.087533
  vertex -1.4720691 -2.256759 0.064323
  vertex -1.4720691 -2.258619 1.087533
 endloop
endfacet
facet normal 1.7166936e-06 0.999999 0.0013981583
 outer loop
  vertex 6.33439 -1.6314325 0.048365
  vertex 5.778861 -1.6328845 1.087533
  vertex 6.33439 -1.6328855 1.087533
 endloop
endfacet
facet normal 1 -1.3725378e-07 -3.3248154e-10
 outer loop
  vertex 1.4720688 -3.124726 0.086472
  vertex 1.4720689 -2.258619 1.087533
  vertex 1.4720688 -3.127151 1.087533
 endloop
endfacet
facet normal 0.9932952 -0.11560556 -2.6142907e-08
 outer loop
  vertex -3.2617507 2.3992343 5.6610613
  vertex -3.2570577 2.4395583 1.443854
  vertex -3.2570577 2.4395573 5.6610613
 endloop
endfacet
facet normal 0.18058978 0.98355705 -0.0017254539
 outer loop
  vertex -1.9082243 -5.347934 0.143206
  vertex -3.7843165 -5.0017037 1.148084
  vertex -1.9082243 -5.346171 1.148084
 endloop
endfacet
facet normal -0.19487195 0.98082733 0.001630698
 outer loop
  vertex 5.778861 -1.6328845 1.087533
  vertex 3.7843158 -2.0274522 0.058471
  vertex 3.7843158 -2.0291631 1.087533
 endloop
endfacet
facet normal -1 1.3734946e-07 2.4969407e-10
 outer loop
  vertex -1.4720693 -3.124726 0.086473
  vertex -1.4720691 -2.258619 1.087533
  vertex -1.4720691 -2.256759 0.064323
 endloop
endfacet
facet normal -0.03428576 -0.9994091 -0.0024219083
 outer loop
  vertex -2.397232e-07 -3.17523 0.087761
  vertex -1.4720693 -3.127152 1.087533
  vertex -1.4720693 -3.124726 0.086473
 endloop
endfacet
facet normal 0.034310993 -0.9994082 -0.0024581521
 outer loop
  vertex -2.397232e-07 -3.17523 0.087761
  vertex 1.4720688 -3.127151 1.087533
  vertex -2.3990884e-07 -3.177689 1.087533
 endloop
endfacet
facet normal -1.0152587e-05 -0.025511308 -0.9996745
 outer loop
  vertex -1.4470693 -3.102589 0.085908
  vertex -1.4720691 -2.256759 0.064323
  vertex -1.4470692 -2.235883 0.06379
 endloop
endfacet
facet normal -6.5387025e-07 -0.025513638 -0.99967444
 outer loop
  vertex -1.4470693 -3.102589 0.085908
  vertex -2.397232e-07 -3.17523 0.087761
  vertex -1.4720693 -3.124726 0.086473
 endloop
endfacet
facet normal -1.9404827e-06 -0.999999 -0.0014135255
 outer loop
  vertex 5.781528 -1.6558964 1.087533
  vertex 6.33439 -1.6544294 0.048952
  vertex 6.33439 -1.6558975 1.087533
 endloop
endfacet
facet normal -1.1975775e-06 -0.025516627 -0.9996744
 outer loop
  vertex -3.7843163 -2.0274518 0.058471
  vertex -5.781528 -1.6544285 0.048952
  vertex -5.778861 -1.6314316 0.048365
 endloop
endfacet
facet normal -5.5020735e-07 -0.025517598 -0.9996744
 outer loop
  vertex -3.7843163 -2.0274518 0.058471
  vertex -1.4720691 -2.256759 0.064323
  vertex -3.7881722 -2.0502129 0.059052
 endloop
endfacet
facet normal 0 -0.025516767 -0.99967444
 outer loop
  vertex 5.781528 -1.6544294 0.048952
  vertex 6.33439 -1.6314325 0.048365
  vertex 6.33439 -1.6544294 0.048952
 endloop
endfacet
facet normal 1 -0 0
 outer loop
  vertex 6.33439 -1.6544294 0.048952
  vertex 6.33439 -1.6328855 1.087533
  vertex 6.33439 -1.6558975 1.087533
 endloop
endfacet
facet normal 0 -0.025516767 -0.99967444
 outer loop
  vertex -6.33439 -1.6314316 0.048365
  vertex -5.781528 -1.6544285 0.048952
  vertex -6.33439 -1.6544285 0.048952
 endloop
endfacet
facet normal 0 -0 1
 outer loop
  vertex 3.7843158 -2.0291631 1.087533
  vertex 1.4720689 -2.258619 1.087533
  vertex 3.7881718 -2.0519392 1.087533
 endloop
endfacet
facet normal 0 -0 1
 outer loop
  vertex 1.4720689 -2.258619 1.087533
  vertex 1.4470688 -3.105 1.087533
  vertex 1.4720688 -3.127151 1.087533
 endloop
endfacet
facet normal 0 -0 1
 outer loop
  vertex 1.4470688 -3.105 1.087533
  vertex -2.3990884e-07 -3.177689 1.087533
  vertex 1.4720688 -3.127151 1.087533
 endloop
endfacet
facet normal 0 -0 1
 outer loop
  vertex 6.3308153 -4.3677235 1.148084
  vertex 5.7855415 -4.5531816 1.148084
  vertex 6.3379645 -4.3897743 1.148084
 endloop
endfacet
facet normal 0 -0 1
 outer loop
  vertex 6.33439 -1.6328855 1.087533
  vertex 5.781528 -1.6558964 1.087533
  vertex 6.33439 -1.6558975 1.087533
 endloop
endfacet
facet normal 0 0 1
 outer loop
  vertex -3.7843163 -2.0291626 1.087533
  vertex -1.4720691 -2.258619 1.087533
  vertex -1.4470692 -2.23773 1.087533
 endloop
endfacet
facet normal 0 0 1
 outer loop
  vertex -6.33439 -1.6328845 1.087533
  vertex -5.781528 -1.6558955 1.087533
  vertex -5.778861 -1.6328835 1.087533
 endloop
endfacet
facet normal 0.088882685 -0.99604046 -0.0018116771
 outer loop
  vertex 1.4720689 -2.256758 0.064323
  vertex 3.7881718 -2.0519392 1.087533
  vertex 1.4720689 -2.258619 1.087533
 endloop
endfacet
facet normal -0.2296844 -0.9732632 0.0018964995
 outer loop
  vertex -5.7855425 -4.5531807 1.148084
  vertex -3.7898705 -5.0261216 0.134994
  vertex -3.7898705 -5.0241475 1.148084
 endloop
endfacet
facet normal -0 -0 1
 outer loop
  vertex -3.7843163 -2.0291626 1.087533
  vertex -5.781528 -1.6558955 1.087533
  vertex -3.7881722 -2.0519388 1.087533
 endloop
endfacet
facet normal -0 0 1
 outer loop
  vertex -1.4470693 -3.105 1.087533
  vertex -1.4720691 -2.258619 1.087533
  vertex -1.4720693 -3.127152 1.087533
 endloop
endfacet
facet normal -1 1.3754929e-07 2.481653e-10
 outer loop
  vertex 1.4470688 -3.102589 0.085908
  vertex 1.4470689 -2.23773 1.087533
  vertex 1.4470689 -2.235883 0.06379
 endloop
endfacet
facet normal -3.6298254e-05 -0.025509913 -0.9996746
 outer loop
  vertex 1.4470688 -3.102589 0.085908
  vertex 1.4720689 -2.256758 0.064323
  vertex 1.4720688 -3.124726 0.086472
 endloop
endfacet
facet normal -1.2603913e-07 -1 -0
 outer loop
  vertex 2.7830296 6.299851 5.6610613
  vertex 6.5662766 6.2998505 1.443854
  vertex 6.5662766 6.2998505 5.6610613
 endloop
endfacet
endsolid 
