{
 "IR-1": {
  "distance": 9.914257410416576,
  "volume": 0.0003577853104950062
 },
 "IR-2": {
  "distance": 9.914257410416576,
  "volume": 0.00031044369197604063
 },
 "IR-3": {
  "distance": 12.843890785116479,
  "volume": 0.00029348914038694623
 },
 "IR-4": {
  "distance": 12.843890785116479,
  "volume": 0.00029281897855304705
 },
 "IR-5": {
  "distance": 8.616843969807043,
  "volume": 0.00042480895083355365
 },
 "IR-6": {
  "distance": 8.616843969807043,
  "volume": 0.00043075361346444924
 },
 "IR-7": {
  "distance": 13.66528448295168,
  "volume": 0.0002981002824295354
 },
 "IR-8": {
  "distance": 13.66528448295168,
  "volume": 0.0002854728341003729
 },
 "IR-9": {
  "distance": 8.845903006477066,
  "volume": 0.00041701478432479717
 },
 "IR-10": {
  "distance": 8.845903006477066,
  "volume": 0.00040268682699881657
 },
 "IR-11": {
  "distance": 14.194717327231283,
  "volume": 0.0003027019028849848
 },
 "IR-12": {
  "distance": 14.194717327231283,
  "volume": 0.00031736266491234227
 },
 "IR-13": {
  "distance": 9.62548700066651,
  "volume": 0.0003578967857302174
 },
 "IR-14": {
  "distance": 9.62548700066651,
  "volume": 0.0003707439834700305
 },
 "IR-15": {
  "distance": 14.693195704134618,
  "volume": 0.0003293070871259683
 },
 "IR-16": {
  "distance": 14.693195704134618,
  "volume": 0.000327064459301059
 }
}
