{
 "IR-1": {
  "distance": 9.914257410416576,
  "volume": 0.00042906872410581454
 },
 "IR-2": {
  "distance": 9.914257410416576,
  "volume": 0.00041596697204609225
 },
 "IR-3": {
  "distance": 12.843890785116479,
  "volume": 0.0003283960442865729
 },
 "IR-4": {
  "distance": 12.843890785116479,
  "volume": 0.00034094682844822036
 },
 "IR-5": {
  "distance": 8.616843969807043,
  "volume": 0.0005399383696422653
 },
 "IR-6": {
  "distance": 8.616843969807043,
  "volume": 0.0005617738260777595
 },
 "IR-7": {
  "distance": 13.66528448295168,
  "volume": 0.0002961104005869089
 },
 "IR-8": {
  "distance": 13.66528448295168,
  "volume": 0.0003073195788496018
 },
 "IR-9": {
  "distance": 8.845903006477066,
  "volume": 0.0005216684272011096
 },
 "IR-10": {
  "distance": 8.845903006477066,
  "volume": 0.0005374153846652468
 },
 "IR-11": {
  "distance": 14.194717327231283,
  "volume": 0.00035769430600146113
 },
 "IR-12": {
  "distance": 14.194717327231283,
  "volume": 0.00033630045131188206
 },
 "IR-13": {
  "distance": 9.62548700066651,
  "volume": 0.0005155746988610629
 },
 "IR-14": {
  "distance": 9.62548700066651,
  "volume": 0.0005189233496319437
 },
 "IR-15": {
  "distance": 14.693195704134618,
  "volume": 0.0003399643024161871
 },
 "IR-16": {
  "distance": 14.693195704134618,
  "volume": 0.00033201692809806636
 }
}
