{
 "IR-1": {
  "distance": 9.914257410416576,
  "volume": 0.0003558775351556129
 },
 "IR-2": {
  "distance": 9.914257410416576,
  "volume": 0.00036680549888731074
 },
 "IR-3": {
  "distance": 12.843890785116479,
  "volume": 0.0002905515638551502
 },
 "IR-4": {
  "distance": 12.843890785116479,
  "volume": 0.0003179062137049178
 },
 "IR-5": {
  "distance": 8.616843969807043,
  "volume": 0.0004287416929363105
 },
 "IR-6": {
  "distance": 8.616843969807043,
  "volume": 0.00044527599145138504
 },
 "IR-7": {
  "distance": 13.66528448295168,
  "volume": 0.0002949863578790605
 },
 "IR-8": {
  "distance": 13.66528448295168,
  "volume": 0.00029367134530338036
 },
 "IR-9": {
  "distance": 8.845903006477066,
  "volume": 0.00043030532026155677
 },
 "IR-10": {
  "distance": 8.845903006477066,
  "volume": 0.0004467872077019968
 },
 "IR-11": {
  "distance": 14.194717327231283,
  "volume": 0.000341472540882255
 },
 "IR-12": {
  "distance": 14.194717327231283,
  "volume": 0.0003203736862957735
 },
 "IR-13": {
  "distance": 9.62548700066651,
  "volume": 0.0004269566434338336
 },
 "IR-14": {
  "distance": 9.62548700066651,
  "volume": 0.00038701718157845304
 },
 "IR-15": {
  "distance": 14.693195704134618,
  "volume": 0.0003350999944116088
 },
 "IR-16": {
  "distance": 14.693195704134618,
  "volume": 0.0003227115384637349
 }
}
