{
 "IR-1": {
  "distance": 9.914257410416576,
  "volume": 0.00046184523387342665
 },
 "IR-2": {
  "distance": 9.914257410416576,
  "volume": 0.00044307890798653857
 },
 "IR-3": {
  "distance": 12.843890785116479,
  "volume": 0.0003418747765924066
 },
 "IR-4": {
  "distance": 12.843890785116479,
  "volume": 0.0003567819734377114
 },
 "IR-5": {
  "distance": 8.616843969807043,
  "volume": 0.0005250576387250915
 },
 "IR-6": {
  "distance": 8.616843969807043,
  "volume": 0.0005593910877983394
 },
 "IR-7": {
  "distance": 13.66528448295168,
  "volume": 0.0003413329544184765
 },
 "IR-8": {
  "distance": 13.66528448295168,
  "volume": 0.0003437005121801353
 },
 "IR-9": {
  "distance": 8.845903006477066,
  "volume": 0.0005627200951645083
 },
 "IR-10": {
  "distance": 8.845903006477066,
  "volume": 0.0005359517166345786
 },
 "IR-11": {
  "distance": 14.194717327231283,
  "volume": 0.00035763459891632627
 },
 "IR-12": {
  "distance": 14.194717327231283,
  "volume": 0.00034372802534790375
 },
 "IR-13": {
  "distance": 9.62548700066651,
  "volume": 0.0005486733030064998
 },
 "IR-14": {
  "distance": 9.62548700066651,
  "volume": 0.0004928707141179162
 },
 "IR-15": {
  "distance": 14.693195704134618,
  "volume": 0.00031485173410724797
 },
 "IR-16": {
  "distance": 14.693195704134618,
  "volume": 0.00031459994830216714
 }
}
