{
 "IR-0": {
  "distance": 9.914257410416576,
  "volume": 22884
 },
 "IR-1": {
  "distance": 9.914257410416576,
  "volume": 31894
 },
 "IR-2": {
  "distance": 12.843890785116479,
  "volume": 26081
 },
 "IR-3": {
  "distance": 12.843890785116479,
  "volume": 26083
 },
 "IR-4": {
  "distance": 8.616843969807043,
  "volume": 26259
 },
 "IR-5": {
  "distance": 8.616843969807043,
  "volume": 31356
 },
 "IR-6": {
  "distance": 13.66528448295168,
  "volume": 25718
 },
 "IR-7": {
  "distance": 13.66528448295168,
  "volume": 30797
 },
 "IR-8": {
  "distance": 8.845903006477066,
  "volume": 25900
 },
 "IR-9": {
  "distance": 8.845903006477066,
  "volume": 31362
 },
 "IR-10": {
  "distance": 14.194717327231283,
  "volume": 28724
 },
 "IR-11": {
  "distance": 14.194717327231283,
  "volume": 28719
 },
 "IR-12": {
  "distance": 9.62548700066651,
  "volume": 29425
 },
 "IR-13": {
  "distance": 9.62548700066651,
  "volume": 24853
 },
 "IR-14": {
  "distance": 14.693195704134618,
  "volume": 32065
 },
 "IR-15": {
  "distance": 14.693195704134618,
  "volume": 25905
 }
}
